grammar_point,ruby,reference,dojg,donnatoki,hjg
あげる(1),,1.  Basic Japanese Grammar,basicあげる(1),,
あげる(2),,1.  Basic Japanese Grammar,basicあげる(2),,
間・あいだ(に),,1.  Basic Japanese Grammar,basic間・あいだ(に),,
あまり,,1.  Basic Japanese Grammar,basicあまり,,
ある(1),,1.  Basic Japanese Grammar,basicある(1),,
ある(2),,1.  Basic Japanese Grammar,basicある(2),,
あとで,,1.  Basic Japanese Grammar,basicあとで,,
ば,,1.  Basic Japanese Grammar,basicば,,
ばかり,,1.  Basic Japanese Grammar,basicばかり,,
ばよかった,,1.  Basic Japanese Grammar,basicばよかった,,
だい,,1.  Basic Japanese Grammar,basicだい,,
だけ,,1.  Basic Japanese Grammar,basicだけ,,
だけで(は)なく～(も),,1.  Basic Japanese Grammar,basicだけで(は)なく～(も),,
だろう,,1.  Basic Japanese Grammar,basicだろう,,
出す・だす,,1.  Basic Japanese Grammar,basic出す・だす,,
で(1),,1.  Basic Japanese Grammar,basicで(1),,
で(2),,1.  Basic Japanese Grammar,basicで(2),,
で(3),,1.  Basic Japanese Grammar,basicで(3),,
で(4),,1.  Basic Japanese Grammar,basicで(4),,
でも,,1.  Basic Japanese Grammar,basicでも,,
どう,,1.  Basic Japanese Grammar,basicどう,,
へ,,1.  Basic Japanese Grammar,basicへ,,
が(1),,1.  Basic Japanese Grammar,basicが(1),,
が(2),,1.  Basic Japanese Grammar,basicが(2),,
がる,,1.  Basic Japanese Grammar,basicがる,,
ごろ,,1.  Basic Japanese Grammar,basicごろ,,
ごとに,,1.  Basic Japanese Grammar,basicごとに,,
始める・はじめる,,1.  Basic Japanese Grammar,basic始める・はじめる,,
はず,,1.  Basic Japanese Grammar,basicはず,,
ほど,,1.  Basic Japanese Grammar,basicほど,,
ほうがいい,,1.  Basic Japanese Grammar,basicほうがいい,,
ほうが~より,,1.  Basic Japanese Grammar,basicほうが~より,,
欲しい・ほしい(1),,1.  Basic Japanese Grammar,basic欲しい・ほしい(1),,
欲しい・ほしい(2),,1.  Basic Japanese Grammar,basic欲しい・ほしい(2),,
一番・いちばん,,1.  Basic Japanese Grammar,basic一番・いちばん,,
行く・いく(1),,1.  Basic Japanese Grammar,basic行く・いく(1),,
行く・いく(2),,1.  Basic Japanese Grammar,basic行く・いく(2),,
いる(1),,1.  Basic Japanese Grammar,basicいる(1),,
いる(2),,1.  Basic Japanese Grammar,basicいる(2),,
要る・いる(3),,1.  Basic Japanese Grammar,basic要る・いる(3),,
自分・じぶん(1),,1.  Basic Japanese Grammar,basic自分・じぶん(1),,
自分・じぶん(2),,1.  Basic Japanese Grammar,basic自分・じぶん(2),,
か(1),,1.  Basic Japanese Grammar,basicか(1),,
か(2),,1.  Basic Japanese Grammar,basicか(2),,
か(どうか),,1.  Basic Japanese Grammar,basicか(どうか),,
かい,,1.  Basic Japanese Grammar,basicかい,,
かもしれない,,1.  Basic Japanese Grammar,basicかもしれない,,
から(1),,1.  Basic Japanese Grammar,basicから(1),,
から(2),,1.  Basic Japanese Grammar,basicから(2),,
から(3),,1.  Basic Japanese Grammar,basicから(3),,
かしら,,1.  Basic Japanese Grammar,basicかしら,,
方・かた,,1.  Basic Japanese Grammar,basic方・かた,,
代わりに・かわりに,,1.  Basic Japanese Grammar,basic代わりに・かわりに,,
けれども,,1.  Basic Japanese Grammar,basicけれども,,
聞こえる・きこえる,,1.  Basic Japanese Grammar,basic聞こえる・きこえる,,
嫌いだ・きらいだ,,1.  Basic Japanese Grammar,basic嫌いだ・きらいだ,,
こと(1),,1.  Basic Japanese Grammar,basicこと(1),,
こと(2),,1.  Basic Japanese Grammar,basicこと(2),,
ことがある(1),,1.  Basic Japanese Grammar,basicことがある(1),,
ことがある(2),,1.  Basic Japanese Grammar,basicことがある(2),,
ことが出来る・できる,,1.  Basic Japanese Grammar,basicことが出来る・できる,,
ことになる,,1.  Basic Japanese Grammar,basicことになる,,
ことにする,,1.  Basic Japanese Grammar,basicことにする,,
ことは,,1.  Basic Japanese Grammar,basicことは,,
下さい・ください,,1.  Basic Japanese Grammar,basic下さい・ください,,
君・くん,,1.  Basic Japanese Grammar,basic君・くん,,
くらい,,1.  Basic Japanese Grammar,basicくらい,,
呉れる・くれる(1),,1.  Basic Japanese Grammar,basic呉れる・くれる(1),,
呉れる・くれる(2),,1.  Basic Japanese Grammar,basic呉れる・くれる(2),,
来る・くる(1),,1.  Basic Japanese Grammar,basic来る・くる(1),,
来る・くる(2),,1.  Basic Japanese Grammar,basic来る・くる(2),,
まだ,,1.  Basic Japanese Grammar,basicまだ,,
まで,,1.  Basic Japanese Grammar,basicまで,,
までに,,1.  Basic Japanese Grammar,basicまでに,,
前に・まえに,,1.  Basic Japanese Grammar,basic前に・まえに,,
毎・まい,,1.  Basic Japanese Grammar,basic毎・まい,,
まま,,1.  Basic Japanese Grammar,basicまま,,
ましょう,,1.  Basic Japanese Grammar,basicましょう,,
見える・みえる,,1.  Basic Japanese Grammar,basic見える・みえる,,
みる,,1.  Basic Japanese Grammar,basicみる,,
も,,1.  Basic Japanese Grammar,basicも,,
も(2),,1.  Basic Japanese Grammar,basicも(2),,
もう,,1.  Basic Japanese Grammar,basicもう,,
も~も,,1.  Basic Japanese Grammar,basicも~も,,
もの(だ),,1.  Basic Japanese Grammar,basicもの(だ),,
もらう(1),,1.  Basic Japanese Grammar,basicもらう(1),,
もらう(2),,1.  Basic Japanese Grammar,basicもらう(2),,
な,,1.  Basic Japanese Grammar,basicな,,
など,,1.  Basic Japanese Grammar,basicなど,,
ながら,,1.  Basic Japanese Grammar,basicながら,,
ないで,,1.  Basic Japanese Grammar,basicないで,,
なければならない,,1.  Basic Japanese Grammar,basicなければならない,,
なくなる,,1.  Basic Japanese Grammar,basicなくなる,,
なくて,,1.  Basic Japanese Grammar,basicなくて,,
なら,,1.  Basic Japanese Grammar,basicなら,,
なさい,,1.  Basic Japanese Grammar,basicなさい,,
ね,,1.  Basic Japanese Grammar,basicね,,
に(1),,1.  Basic Japanese Grammar,basicに(1),,
に(2),,1.  Basic Japanese Grammar,basicに(2),,
に(3),,1.  Basic Japanese Grammar,basicに(3),,
に(4),,1.  Basic Japanese Grammar,basicに(4),,
に(5),,1.  Basic Japanese Grammar,basicに(5),,
に(6),,1.  Basic Japanese Grammar,basicに(6),,
に(7),,1.  Basic Japanese Grammar,basicに(7),,
に違いない・にちがいない,,1.  Basic Japanese Grammar,basicに違いない・にちがいない,,
難い・にくい,,1.  Basic Japanese Grammar,basic難い・にくい,,
にしては,,1.  Basic Japanese Grammar,basicにしては,,
にする,,1.  Basic Japanese Grammar,basicにする,,
の(1),,1.  Basic Japanese Grammar,basicの(1),,
の(2),,1.  Basic Japanese Grammar,basicの(2),,
の(3),,1.  Basic Japanese Grammar,basicの(3),,
の(4),,1.  Basic Japanese Grammar,basicの(4),,
のだ,,1.  Basic Japanese Grammar,basicのだ,,
ので,,1.  Basic Japanese Grammar,basicので,,
のに(1),,1.  Basic Japanese Grammar,basicのに(1),,
のに(2),,1.  Basic Japanese Grammar,basicのに(2),,
のは～だ,,1.  Basic Japanese Grammar,basicのは～だ,,
お,,1.  Basic Japanese Grammar,basicお,,
を(1),,1.  Basic Japanese Grammar,basicを(1),,
を(2),,1.  Basic Japanese Grammar,basicを(2),,
を(3),,1.  Basic Japanese Grammar,basicを(3),,
を(4),,1.  Basic Japanese Grammar,basicを(4),,
多い・おおい,,1.  Basic Japanese Grammar,basic多い・おおい,,
おく,,1.  Basic Japanese Grammar,basicおく,,
お～になる,,1.  Basic Japanese Grammar,basicお～になる,,
お～する,,1.  Basic Japanese Grammar,basicお～する,,
終わる・おわる,,1.  Basic Japanese Grammar,basic終わる・おわる,,
られる(1),,1.  Basic Japanese Grammar,basicられる(1),,
られる(2),,1.  Basic Japanese Grammar,basicられる(2),,
らしい,,1.  Basic Japanese Grammar,basicらしい,,
Relative Clause,,1.  Basic Japanese Grammar,basicRelative Clause,,
さ,,1.  Basic Japanese Grammar,basicさ,,
様・さま,,1.  Basic Japanese Grammar,basic様・さま,,
させる,,1.  Basic Japanese Grammar,basicさせる,,
せっかく,,1.  Basic Japanese Grammar,basicせっかく,,
し,,1.  Basic Japanese Grammar,basicし,,
しい,,1.  Basic Japanese Grammar,basicしい,,
しか,,1.  Basic Japanese Grammar,basicしか,,
しまう,,1.  Basic Japanese Grammar,basicしまう,,
知る・しる,,1.  Basic Japanese Grammar,basic知る・しる,,
そうだ(1),,1.  Basic Japanese Grammar,basicそうだ(1),,
そうだ(2),,1.  Basic Japanese Grammar,basicそうだ(2),,
それで,,1.  Basic Japanese Grammar,basicそれで,,
それでは,,1.  Basic Japanese Grammar,basicそれでは,,
それから,,1.  Basic Japanese Grammar,basicそれから,,
それなら,,1.  Basic Japanese Grammar,basicそれなら,,
それとも,,1.  Basic Japanese Grammar,basicそれとも,,
そして,,1.  Basic Japanese Grammar,basicそして,,
過ぎる・すぎる,,1.  Basic Japanese Grammar,basic過ぎる・すぎる,,
好きだ・すきだ,,1.  Basic Japanese Grammar,basic好きだ・すきだ,,
少ない・すくない,,1.  Basic Japanese Grammar,basic少ない・すくない,,
する(1),,1.  Basic Japanese Grammar,basicする(1),,
する(2),,1.  Basic Japanese Grammar,basicする(2),,
する(3),,1.  Basic Japanese Grammar,basicする(3),,
する(4),,1.  Basic Japanese Grammar,basicする(4),,
すると,,1.  Basic Japanese Grammar,basicすると,,
たい,,1.  Basic Japanese Grammar,basicたい,,
堪らない・たまらない,,1.  Basic Japanese Grammar,basic堪らない・たまらない,,
為(に)・ため(に),,1.  Basic Japanese Grammar,basic為(に)・ため(に),,
たら,,1.  Basic Japanese Grammar,basicたら,,
たらどうですか,,1.  Basic Japanese Grammar,basicたらどうですか,,
たり～たりする,,1.  Basic Japanese Grammar,basicたり～たりする,,
たって,,1.  Basic Japanese Grammar,basicたって,,
て,,1.  Basic Japanese Grammar,basicて,,
ても,,1.  Basic Japanese Grammar,basicても,,
てもいい,,1.  Basic Japanese Grammar,basicてもいい,,
と(1),,1.  Basic Japanese Grammar,basicと(1),,
と(2),,1.  Basic Japanese Grammar,basicと(2),,
と(3),,1.  Basic Japanese Grammar,basicと(3),,
と(4),,1.  Basic Japanese Grammar,basicと(4),,
と言えば,,1.  Basic Japanese Grammar,basicと言えば,,
という,,1.  Basic Japanese Grammar,basicという,,
とか,,1.  Basic Japanese Grammar,basicとか,,
時・とき,,1.  Basic Japanese Grammar,basic時・とき,,
ところだ(1),,1.  Basic Japanese Grammar,basicところだ(1),,
ところだ(2),,1.  Basic Japanese Grammar,basicところだ(2),,
として,,1.  Basic Japanese Grammar,basicとして,,
としては,,1.  Basic Japanese Grammar,basicとしては,,
つもり,,1.  Basic Japanese Grammar,basicつもり,,
って(1),,1.  Basic Japanese Grammar,basicって(1),,
って(2),,1.  Basic Japanese Grammar,basicって(2),,
うちに,,1.  Basic Japanese Grammar,basicうちに,,
は(1),,1.  Basic Japanese Grammar,basicは(1),,
わ(2),,1.  Basic Japanese Grammar,basicわ(2),,
は～だ,,1.  Basic Japanese Grammar,basicは～だ,,
は～が,,1.  Basic Japanese Grammar,basicは～が,,
はいけない,,1.  Basic Japanese Grammar,basicはいけない,,
分かる・わかる,,1.  Basic Japanese Grammar,basic分かる・わかる,,
わけだ,,1.  Basic Japanese Grammar,basicわけだ,,
屋・や,,1.  Basic Japanese Grammar,basic屋・や,,
や,,1.  Basic Japanese Grammar,basicや,,
やはり,,1.  Basic Japanese Grammar,basicやはり,,
易い・やすい,,1.  Basic Japanese Grammar,basic易い・やすい,,
ようだ,,1.  Basic Japanese Grammar,basicようだ,,
ように(1),,1.  Basic Japanese Grammar,basicように(1),,
ように(2),,1.  Basic Japanese Grammar,basicように(2),,
ように言う,,1.  Basic Japanese Grammar,basicように言う,,
ようになる,,1.  Basic Japanese Grammar,basicようになる,,
ようにする,,1.  Basic Japanese Grammar,basicようにする,,
より(1),,1.  Basic Japanese Grammar,basicより(1),,
より(2),,1.  Basic Japanese Grammar,basicより(2),,
ようと思う,,1.  Basic Japanese Grammar,basicようと思う,,
ずつ,,1.  Basic Japanese Grammar,basicずつ,,
あまり,,2. Intermediate Japanese Grammar,intermediateあまり,,
~ば~ほど,,2. Intermediate Japanese Grammar,intermediate~ば~ほど,,
~ばかりか~(さえ),,2. Intermediate Japanese Grammar,intermediate~ばかりか~(さえ),,
べきだ,,2. Intermediate Japanese Grammar,intermediateべきだ,,
分,,2. Intermediate Japanese Grammar,intermediate分,,
だが,,2. Intermediate Japanese Grammar,intermediateだが,,
だからと言って,,2. Intermediate Japanese Grammar,intermediateだからと言って,,
だけで,,2. Intermediate Japanese Grammar,intermediateだけで,,
だらけ,,2. Intermediate Japanese Grammar,intermediateだらけ,,
で,,2. Intermediate Japanese Grammar,intermediateで,,
であろう,,2. Intermediate Japanese Grammar,intermediateであろう,,
である,,2. Intermediate Japanese Grammar,intermediateである,,
どころか,,2. Intermediate Japanese Grammar,intermediateどころか,,
どうも,,2. Intermediate Japanese Grammar,intermediateどうも,,
どんなに~(こと)か,,2. Intermediate Japanese Grammar,intermediateどんなに~(こと)か,,
どうせ,,2. Intermediate Japanese Grammar,intermediateどうせ,,
風に,,2. Intermediate Japanese Grammar,intermediate風に,,
がち,,2. Intermediate Japanese Grammar,intermediateがち,,
がたい,,2. Intermediate Japanese Grammar,intermediateがたい,,
逆に,,2. Intermediate Japanese Grammar,intermediate逆に,,
ほど,,2. Intermediate Japanese Grammar,intermediateほど,,
以外,,2. Intermediate Japanese Grammar,intermediate以外,,
以上(は),,2. Intermediate Japanese Grammar,intermediate以上(は),,
いかにも,,2. Intermediate Japanese Grammar,intermediateいかにも,,
Imperative,,2. Intermediate Japanese Grammar,intermediateImperative,,
一方で(は)他方で(は),,2. Intermediate Japanese Grammar,intermediate一方で(は)他方で(は),,
上,,2. Intermediate Japanese Grammar,intermediate上,,
かえって,,2. Intermediate Japanese Grammar,intermediateかえって,,
限り,,2. Intermediate Japanese Grammar,intermediate限り,,
限り(2),,2. Intermediate Japanese Grammar,intermediate限り(2),,
か~か,,2. Intermediate Japanese Grammar,intermediateか~か,,
かな,,2. Intermediate Japanese Grammar,intermediateかな,,
必ずしも,,2. Intermediate Japanese Grammar,intermediate必ずしも,,
かねる,,2. Intermediate Japanese Grammar,intermediateかねる,,
から~に至るまで,,2. Intermediate Japanese Grammar,intermediateから~に至るまで,,
から~にかけて,,2. Intermediate Japanese Grammar,intermediateから~にかけて,,
からと言って,,2. Intermediate Japanese Grammar,intermediateからと言って,,
かろう,,2. Intermediate Japanese Grammar,intermediateかろう,,
方をする,,2. Intermediate Japanese Grammar,intermediate方をする,,
かと言うと,,2. Intermediate Japanese Grammar,intermediateかと言うと,,
(の)代わりに,,2. Intermediate Japanese Grammar,intermediate(の)代わりに,,
結果,,2. Intermediate Japanese Grammar,intermediate結果,,
結構,,2. Intermediate Japanese Grammar,intermediate結構,,
この,,2. Intermediate Japanese Grammar,intermediateこの,,
こうした,,2. Intermediate Japanese Grammar,intermediateこうした,,
こそ,,2. Intermediate Japanese Grammar,intermediateこそ,,
こと,,2. Intermediate Japanese Grammar,intermediateこと,,
ことで,,2. Intermediate Japanese Grammar,intermediateことで,,
ことになる,,2. Intermediate Japanese Grammar,intermediateことになる,,
ことによる,,2. Intermediate Japanese Grammar,intermediateことによる,,
ことはない,,2. Intermediate Japanese Grammar,intermediateことはない,,
く,,2. Intermediate Japanese Grammar,intermediateく,,
くらい,,2. Intermediate Japanese Grammar,intermediateくらい,,
くせに,,2. Intermediate Japanese Grammar,intermediateくせに,,
までもない,,2. Intermediate Japanese Grammar,intermediateまでもない,,
まい,,2. Intermediate Japanese Grammar,intermediateまい,,
まさか,,2. Intermediate Japanese Grammar,intermediateまさか,,
ましだ,,2. Intermediate Japanese Grammar,intermediateましだ,,
または,,2. Intermediate Japanese Grammar,intermediateまたは,,
目,,2. Intermediate Japanese Grammar,intermediate目,,
面,,2. Intermediate Japanese Grammar,intermediate面,,
みせる,,2. Intermediate Japanese Grammar,intermediateみせる,,
も,,2. Intermediate Japanese Grammar,intermediateも,,
も~ば,,2. Intermediate Japanese Grammar,intermediateも~ば,,
も~も,,2. Intermediate Japanese Grammar,intermediateも~も,,
もの(だ),,2. Intermediate Japanese Grammar,intermediateもの(だ),,
なあ,,2. Intermediate Japanese Grammar,intermediateなあ,,
などと,,2. Intermediate Japanese Grammar,intermediateなどと,,
ながら(も),,2. Intermediate Japanese Grammar,intermediateながら(も),,
ないことも/ はない,,2. Intermediate Japanese Grammar,intermediateないことも/ はない,,
なかなか,,2. Intermediate Japanese Grammar,intermediateなかなか,,
なく,,2. Intermediate Japanese Grammar,intermediateなく,,
何でも,,2. Intermediate Japanese Grammar,intermediate何でも,,
何しろ,,2. Intermediate Japanese Grammar,intermediate何しろ,,
ならない,,2. Intermediate Japanese Grammar,intermediateならない,,
なり~なり,,2. Intermediate Japanese Grammar,intermediateなり~なり,,
なりに,,2. Intermediate Japanese Grammar,intermediateなりに,,
なしでは,,2. Intermediate Japanese Grammar,intermediateなしでは,,
ねばならない,,2. Intermediate Japanese Grammar,intermediateねばならない,,
に,,2. Intermediate Japanese Grammar,intermediateに,,
に当たって/当たり,,2. Intermediate Japanese Grammar,intermediateに当たって/当たり,,
に反して/反する,,2. Intermediate Japanese Grammar,intermediateに反して/反する,,
にほかならない,,2. Intermediate Japanese Grammar,intermediateにほかならない,,
に限らず,,2. Intermediate Japanese Grammar,intermediateに限らず,,
に限って,,2. Intermediate Japanese Grammar,intermediateに限って,,
に関して/関する,,2. Intermediate Japanese Grammar,intermediateに関して/関する,,
に代わって,,2. Intermediate Japanese Grammar,intermediateに代わって,,
に比べると/比べて,,2. Intermediate Japanese Grammar,intermediateに比べると/比べて,,
にもかかわらず,,2. Intermediate Japanese Grammar,intermediateにもかかわらず,,
に基づいて/基づく,,2. Intermediate Japanese Grammar,intermediateに基づいて/基づく,,
になると,,2. Intermediate Japanese Grammar,intermediateになると,,
において/おける,,2. Intermediate Japanese Grammar,intermediateにおいて/おける,,
に従って/従い,,2. Intermediate Japanese Grammar,intermediateに従って/従い,,
に過ぎない,,2. Intermediate Japanese Grammar,intermediateに過ぎない,,
に対して/対する,,2. Intermediate Japanese Grammar,intermediateに対して/対する,,
にとって,,2. Intermediate Japanese Grammar,intermediateにとって,,
について,,2. Intermediate Japanese Grammar,intermediateについて,,
につき,,2. Intermediate Japanese Grammar,intermediateにつき,,
につれて/つれ,,2. Intermediate Japanese Grammar,intermediateにつれて/つれ,,
には,,2. Intermediate Japanese Grammar,intermediateには,,
によって/より,,2. Intermediate Japanese Grammar,intermediateによって/より,,
の関係で,,2. Intermediate Japanese Grammar,intermediateの関係で,,
のこと,,2. Intermediate Japanese Grammar,intermediateのこと,,
のことだから,,2. Intermediate Japanese Grammar,intermediateのことだから,,
のみ,,2. Intermediate Japanese Grammar,intermediateのみ,,
の下で,,2. Intermediate Japanese Grammar,intermediateの下で,,
の上では,,2. Intermediate Japanese Grammar,intermediateの上では,,
のは~のことだ,,2. Intermediate Japanese Grammar,intermediateのは~のことだ,,
ぬ,,2. Intermediate Japanese Grammar,intermediateぬ,,
お~だ,,2. Intermediate Japanese Grammar,intermediateお~だ,,
をはじめ(として),,2. Intermediate Japanese Grammar,intermediateをはじめ(として),,
お~下さい,,2. Intermediate Japanese Grammar,intermediateお~下さい,,
思われる,,2. Intermediate Japanese Grammar,intermediate思われる,,
おり,,2. Intermediate Japanese Grammar,intermediateおり,,
を通して,,2. Intermediate Japanese Grammar,intermediateを通して,,
っぱなし,,2. Intermediate Japanese Grammar,intermediateっぱなし,,
っぽい,,2. Intermediate Japanese Grammar,intermediateっぽい,,
来,,2. Intermediate Japanese Grammar,intermediate来,,
例の,,2. Intermediate Japanese Grammar,intermediate例の,,
Relative Clause,,2. Intermediate Japanese Grammar,intermediateRelative Clause,,
Rhetorical Question,,2. Intermediate Japanese Grammar,intermediateRhetorical Question,,
ろくに~ない,,2. Intermediate Japanese Grammar,intermediateろくに~ない,,
さ,,2. Intermediate Japanese Grammar,intermediateさ,,
さえ,,2. Intermediate Japanese Grammar,intermediateさえ,,
際(に),,2. Intermediate Japanese Grammar,intermediate際(に),,
さすが,,2. Intermediate Japanese Grammar,intermediateさすが,,
せい,,2. Intermediate Japanese Grammar,intermediateせい,,
せめて,,2. Intermediate Japanese Grammar,intermediateせめて,,
次第,,2. Intermediate Japanese Grammar,intermediate次第,,
しかも,,2. Intermediate Japanese Grammar,intermediateしかも,,
したがって,,2. Intermediate Japanese Grammar,intermediateしたがって,,
そうかと言って,,2. Intermediate Japanese Grammar,intermediateそうかと言って,,
そこで,,2. Intermediate Japanese Grammar,intermediateそこで,,
そこで(2),,2. Intermediate Japanese Grammar,intermediateそこで(2),,
そこを,,2. Intermediate Japanese Grammar,intermediateそこを,,
そうになる,,2. Intermediate Japanese Grammar,intermediateそうになる,,
その上,,2. Intermediate Japanese Grammar,intermediateその上,,
それでも,,2. Intermediate Japanese Grammar,intermediateそれでも,,
それどころか,,2. Intermediate Japanese Grammar,intermediateそれどころか,,
それが,,2. Intermediate Japanese Grammar,intermediateそれが,,
それも,,2. Intermediate Japanese Grammar,intermediateそれも,,
それに,,2. Intermediate Japanese Grammar,intermediateそれに,,
それと,,2. Intermediate Japanese Grammar,intermediateそれと,,
それは,,2. Intermediate Japanese Grammar,intermediateそれは,,
それぞれ,,2. Intermediate Japanese Grammar,intermediateそれぞれ,,
すぐ,,2. Intermediate Japanese Grammar,intermediateすぐ,,
たびに,,2. Intermediate Japanese Grammar,intermediateたびに,,
ただ,,2. Intermediate Japanese Grammar,intermediateただ,,
ただの,,2. Intermediate Japanese Grammar,intermediateただの,,
確かに~が,,2. Intermediate Japanese Grammar,intermediate確かに~が,,
たところで,,2. Intermediate Japanese Grammar,intermediateたところで,,
て,,2. Intermediate Japanese Grammar,intermediateて,,
て初めて,,2. Intermediate Japanese Grammar,intermediateて初めて,,
点(で),,2. Intermediate Japanese Grammar,intermediate点(で),,
ては,,2. Intermediate Japanese Grammar,intermediateては,,
と,,2. Intermediate Japanese Grammar,intermediateと,,
と同時に,,2. Intermediate Japanese Grammar,intermediateと同時に,,
と言っても,,2. Intermediate Japanese Grammar,intermediateと言っても,,
という風に,,2. Intermediate Japanese Grammar,intermediateという風に,,
ということは,,2. Intermediate Japanese Grammar,intermediateということは,,
というのに,,2. Intermediate Japanese Grammar,intermediateというのに,,
というのは~ことだ,,2. Intermediate Japanese Grammar,intermediateというのは~ことだ,,
と言うと,,2. Intermediate Japanese Grammar,intermediateと言うと,,
というより(は),,2. Intermediate Japanese Grammar,intermediateというより(は),,
とかで,,2. Intermediate Japanese Grammar,intermediateとかで,,
ところ,,2. Intermediate Japanese Grammar,intermediateところ,,
ところが,,2. Intermediate Japanese Grammar,intermediateところが,,
とも,,2. Intermediate Japanese Grammar,intermediateとも,,
となる,,2. Intermediate Japanese Grammar,intermediateとなる,,
となると,,2. Intermediate Japanese Grammar,intermediateとなると,,
通り(に),,2. Intermediate Japanese Grammar,intermediate通り(に),,
とする(1),,2. Intermediate Japanese Grammar,intermediateとする(1),,
とする(2),,2. Intermediate Japanese Grammar,intermediateとする(2),,
途端(に),,2. Intermediate Japanese Grammar,intermediate途端(に),,
とうとう,,2. Intermediate Japanese Grammar,intermediateとうとう,,
と共に,,2. Intermediate Japanese Grammar,intermediateと共に,,
とは限らない,,2. Intermediate Japanese Grammar,intermediateとは限らない,,
つまり,,2. Intermediate Japanese Grammar,intermediateつまり,,
つつ,,2. Intermediate Japanese Grammar,intermediateつつ,,
(の)上で,,2. Intermediate Japanese Grammar,intermediate(の)上で,,
上(に),,2. Intermediate Japanese Grammar,intermediate上(に),,
得る　(うる・える),,2. Intermediate Japanese Grammar,intermediate得る(うる・える),,
Vmasu,,2. Intermediate Japanese Grammar,intermediateVmasu,,
Vmasu as a Noun,,2. Intermediate Japanese Grammar,intermediateVmasu as a Noun,,
は,,2. Intermediate Japanese Grammar,intermediateは,,
は言うまでもなく,,2. Intermediate Japanese Grammar,intermediateは言うまでもなく,,
わけだ,,2. Intermediate Japanese Grammar,intermediateわけだ,,
わけではない,,2. Intermediate Japanese Grammar,intermediateわけではない,,
わけがない,,2. Intermediate Japanese Grammar,intermediateわけがない,,
わけにはいかない,,2. Intermediate Japanese Grammar,intermediateわけにはいかない,,
やる(1),,2. Intermediate Japanese Grammar,intermediateやる(1),,
やる(2),,2. Intermediate Japanese Grammar,intermediateやる(2),,
やっと,,2. Intermediate Japanese Grammar,intermediateやっと,,
よう(1),,2. Intermediate Japanese Grammar,intermediateよう(1),,
よう(2),,2. Intermediate Japanese Grammar,intermediateよう(2),,
より,,2. Intermediate Japanese Grammar,intermediateより,,
ざるを得ない,,2. Intermediate Japanese Grammar,intermediateざるを得ない,,
ぞ,,2. Intermediate Japanese Grammar,intermediateぞ,,
あえて,,3. Advanced Japanese Grammar,advancedあえて,,
あげく(に),,3. Advanced Japanese Grammar,advancedあげく(に),,
あくまでも,,3. Advanced Japanese Grammar,advancedあくまでも,,
あながち～ない,,3. Advanced Japanese Grammar,advancedあながち～ない,,
あるいは,,3. Advanced Japanese Grammar,advancedあるいは,,
あたかも,,3. Advanced Japanese Grammar,advancedあたかも,,
ばかりに,,3. Advanced Japanese Grammar,advancedばかりに,,
ばこそ,,3. Advanced Japanese Grammar,advancedばこそ,,
べからず・べからざる,,3. Advanced Japanese Grammar,advancedべからず・べからざる,,
べく,,3. Advanced Japanese Grammar,advancedべく,,
べくもない,,3. Advanced Japanese Grammar,advancedべくもない,,
べくして,,3. Advanced Japanese Grammar,advancedべくして,,
ちなみに,,3. Advanced Japanese Grammar,advancedちなみに,,
だけ,,3. Advanced Japanese Grammar,advancedだけ,,
だけあって,,3. Advanced Japanese Grammar,advancedだけあって,,
だけに,,3. Advanced Japanese Grammar,advancedだけに,,
だけのことはある,,3. Advanced Japanese Grammar,advancedだけのことはある,,
だに,,3. Advanced Japanese Grammar,advancedだに,,
だの,,3. Advanced Japanese Grammar,advancedだの,,
だって(1),,3. Advanced Japanese Grammar,advancedだって(1),,
だって(2),,3. Advanced Japanese Grammar,advancedだって(2),,
であれ,,3. Advanced Japanese Grammar,advancedであれ,,
～であれ～であれ,,3. Advanced Japanese Grammar,advanced～であれ～であれ,,
でも・じゃあるまいし,,3. Advanced Japanese Grammar,advancedでも・じゃあるまいし,,
～でも[Wh. word]でも,,3. Advanced Japanese Grammar,advanced～でも[Wh. word]でも,,
どちらかと言うと,,3. Advanced Japanese Grammar,advancedどちらかと言うと,,
どうか,,3. Advanced Japanese Grammar,advancedどうか,,
どころではない,,3. Advanced Japanese Grammar,advancedどころではない,,
ども,,3. Advanced Japanese Grammar,advancedども,,
どうにも～ない,,3. Advanced Japanese Grammar,advancedどうにも～ない,,
同士,,3. Advanced Japanese Grammar,advanced同士,,
が早いか,,3. Advanced Japanese Grammar,advancedが早いか,,
～が～なら,,3. Advanced Japanese Grammar,advanced～が～なら,,
ごとし,,3. Advanced Japanese Grammar,advancedごとし,,
反面,,3. Advanced Japanese Grammar,advanced反面,,
はたして,,3. Advanced Japanese Grammar,advancedはたして,,
ひいては,,3. Advanced Japanese Grammar,advancedひいては,,
一[Counter]として～ない,,3. Advanced Japanese Grammar,advanced一[Counter]として～ない,,
ひとつ,,3. Advanced Japanese Grammar,advancedひとつ,,
一つには,,3. Advanced Japanese Grammar,advanced一つには,,
一応,,3. Advanced Japanese Grammar,advanced一応,,
如何(だ),,3. Advanced Japanese Grammar,advanced如何(だ),,
いかなる,,3. Advanced Japanese Grammar,advancedいかなる,,
いかに,,3. Advanced Japanese Grammar,advancedいかに,,
いくら,,3. Advanced Japanese Grammar,advancedいくら,,
今更,,3. Advanced Japanese Grammar,advanced今更,,
一方(だ),,3. Advanced Japanese Grammar,advanced一方(だ),,
一方(で),,3. Advanced Japanese Grammar,advanced一方(で),,
以来,,3. Advanced Japanese Grammar,advanced以来,,
一切～ない,,3. Advanced Japanese Grammar,advanced一切～ない,,
一旦,,3. Advanced Japanese Grammar,advanced一旦,,
言ってみれば,,3. Advanced Japanese Grammar,advanced言ってみれば,,
言うまでもない,,3. Advanced Japanese Grammar,advanced言うまでもない,,
言わば,,3. Advanced Japanese Grammar,advanced言わば,,
いわゆる,,3. Advanced Japanese Grammar,advancedいわゆる,,
自体,,3. Advanced Japanese Grammar,advanced自体,,
限りだ,,3. Advanced Japanese Grammar,advanced限りだ,,
甲斐,,3. Advanced Japanese Grammar,advanced甲斐,,
か否か,,3. Advanced Japanese Grammar,advancedか否か,,
かな,,3. Advanced Japanese Grammar,advancedかな,,
かのように,,3. Advanced Japanese Grammar,advancedかのように,,
から言って,,3. Advanced Japanese Grammar,advancedから言って,,
からなる,,3. Advanced Japanese Grammar,advancedからなる,,
からには,,3. Advanced Japanese Grammar,advancedからには,,
からして,,3. Advanced Japanese Grammar,advancedからして,,
仮に,,3. Advanced Japanese Grammar,advanced仮に,,
かと思うと,,3. Advanced Japanese Grammar,advancedかと思うと,,
且つ・かつ,,3. Advanced Japanese Grammar,advanced且つ・かつ,,
きらいがある,,3. Advanced Japanese Grammar,advancedきらいがある,,
(っ)きり,,3. Advanced Japanese Grammar,advanced(っ)きり,,
っけ,,3. Advanced Japanese Grammar,advancedっけ,,
この上ない,,3. Advanced Japanese Grammar,advancedこの上ない,,
ことか,,3. Advanced Japanese Grammar,advancedことか,,
ことから,,3. Advanced Japanese Grammar,advancedことから,,
ことに,,3. Advanced Japanese Grammar,advancedことに,,
加えて,,3. Advanced Japanese Grammar,advanced加えて,,
まで(のこと)だ,,3. Advanced Japanese Grammar,advancedまで(のこと)だ,,
まして(や),,3. Advanced Japanese Grammar,advancedまして(や),,
また,,3. Advanced Japanese Grammar,advancedまた,,
滅多に～ない,,3. Advanced Japanese Grammar,advanced滅多に～ない,,
見るからに,,3. Advanced Japanese Grammar,advanced見るからに,,
～も[V]ば～も[V],,3. Advanced Japanese Grammar,advanced～も[V]ば～も[V],,
ものではない,,3. Advanced Japanese Grammar,advancedものではない,,
ものか(1),,3. Advanced Japanese Grammar,advancedものか(1),,
ものか(2),,3. Advanced Japanese Grammar,advancedものか(2),,
ものなら,,3. Advanced Japanese Grammar,advancedものなら,,
ものの,,3. Advanced Japanese Grammar,advancedものの,,
ものを,,3. Advanced Japanese Grammar,advancedものを,,
もさることながら,,3. Advanced Japanese Grammar,advancedもさることながら,,
もしくは,,3. Advanced Japanese Grammar,advancedもしくは,,
もっとも,,3. Advanced Japanese Grammar,advancedもっとも,,
向け,,3. Advanced Japanese Grammar,advanced向け,,
むしろ,,3. Advanced Japanese Grammar,advancedむしろ,,
ないでもない,,3. Advanced Japanese Grammar,advancedないでもない,,
ないことには,,3. Advanced Japanese Grammar,advancedないことには,,
ないまでも,,3. Advanced Japanese Grammar,advancedないまでも,,
ないし(は),,3. Advanced Japanese Grammar,advancedないし(は),,
中を,,3. Advanced Japanese Grammar,advanced中を,,
なくして(は),,3. Advanced Japanese Grammar,advancedなくして(は),,
なまじ(っか),,3. Advanced Japanese Grammar,advancedなまじ(っか),,
並み,,3. Advanced Japanese Grammar,advanced並み,,
何[(Number)+Counter]も,,3. Advanced Japanese Grammar,advanced何[(Number)+Counter]も,,
何～ない,,3. Advanced Japanese Grammar,advanced何～ない,,
何も～ない,,3. Advanced Japanese Grammar,advanced何も～ない,,
何らかの,,3. Advanced Japanese Grammar,advanced何らかの,,
何ら～ない,,3. Advanced Japanese Grammar,advanced何ら～ない,,
なんて(1),,3. Advanced Japanese Grammar,advancedなんて(1),,
なんて(2),,3. Advanced Japanese Grammar,advancedなんて(2),,
何とか,,3. Advanced Japanese Grammar,advanced何とか,,
なお,,3. Advanced Japanese Grammar,advancedなお,,
なおさら,,3. Advanced Japanese Grammar,advancedなおさら,,
ならでは(の),,3. Advanced Japanese Grammar,advancedならでは(の),,
並びに,,3. Advanced Japanese Grammar,advanced並びに,,
なり,,3. Advanced Japanese Grammar,advancedなり,,
なるほど,,3. Advanced Japanese Grammar,advancedなるほど,,
なしに,,3. Advanced Japanese Grammar,advancedなしに,,
なす,,3. Advanced Japanese Grammar,advancedなす,,
なぜか,,3. Advanced Japanese Grammar,advancedなぜか,,
なぜなら(ば)～からだ,,3. Advanced Japanese Grammar,advancedなぜなら(ば)～からだ,,
んばかり(に),,3. Advanced Japanese Grammar,advancedんばかり(に),,
願う・願います,,3. Advanced Japanese Grammar,advanced願う・願います,,
にひきかえ,,3. Advanced Japanese Grammar,advancedにひきかえ,,
にいたっては,,3. Advanced Japanese Grammar,advancedにいたっては,,
に関・拘・係わらず,,3. Advanced Japanese Grammar,advancedに関・拘・係わらず,,
にかけては,,3. Advanced Japanese Grammar,advancedにかけては,,
に難くない,,3. Advanced Japanese Grammar,advancedに難くない,,
に決まっている,,3. Advanced Japanese Grammar,advancedに決まっている,,
に越したことはない,,3. Advanced Japanese Grammar,advancedに越したことはない,,
に・ともなると,,3. Advanced Japanese Grammar,advancedに・ともなると,,
に向けて・に向けた,,3. Advanced Japanese Grammar,advancedに向けて・に向けた,,
～に～ない,,3. Advanced Japanese Grammar,advanced～に～ない,,
に(も)なく,,3. Advanced Japanese Grammar,advancedに(も)なく,,
に応じて・応じて,,3. Advanced Japanese Grammar,advancedに応じて・応じて,,
にしろ・せよ,,3. Advanced Japanese Grammar,advancedにしろ・せよ,,
にしたところで,,3. Advanced Japanese Grammar,advancedにしたところで,,
にして(1),,3. Advanced Japanese Grammar,advancedにして(1),,
にして(2),,3. Advanced Japanese Grammar,advancedにして(2),,
にしてからが,,3. Advanced Japanese Grammar,advancedにしてからが,,
にしても,,3. Advanced Japanese Grammar,advancedにしても,,
にとどまらず,,3. Advanced Japanese Grammar,advancedにとどまらず,,
につけ,,3. Advanced Japanese Grammar,advancedにつけ,,
にわたって・わたる,,3. Advanced Japanese Grammar,advancedにわたって・わたる,,
によらず,,3. Advanced Japanese Grammar,advancedによらず,,
によると,,3. Advanced Japanese Grammar,advancedによると,,
のみならず,,3. Advanced Japanese Grammar,advancedのみならず,,
のなんのって,,3. Advanced Japanese Grammar,advancedのなんのって,,
の無さ,,3. Advanced Japanese Grammar,advancedの無さ,,
～の～のと,,3. Advanced Japanese Grammar,advanced～の～のと,,
んとする,,3. Advanced Japanese Grammar,advancedんとする,,
を中心に,,3. Advanced Japanese Grammar,advancedを中心に,,
を介して/介した,,3. Advanced Japanese Grammar,advancedを介して/介した,,
を禁じ得ない,,3. Advanced Japanese Grammar,advancedを禁じ得ない,,
をめぐって・めぐる,,3. Advanced Japanese Grammar,advancedをめぐって・めぐる,,
思えば,,3. Advanced Japanese Grammar,advanced思えば,,
をものともせず,,3. Advanced Japanese Grammar,advancedをものともせず,,
思うに,,3. Advanced Japanese Grammar,advanced思うに,,
をおいてほかに(は)～ない,,3. Advanced Japanese Grammar,advancedをおいてほかに(は)～ない,,
折(に),,3. Advanced Japanese Grammar,advanced折(に),,
恐れがある,,3. Advanced Japanese Grammar,advanced恐れがある,,
を問わず,,3. Advanced Japanese Grammar,advancedを問わず,,
及び,,3. Advanced Japanese Grammar,advanced及び,,
およそ,,3. Advanced Japanese Grammar,advancedおよそ,,
をよそに,,3. Advanced Japanese Grammar,advancedをよそに,,
さも,,3. Advanced Japanese Grammar,advancedさも,,
更に,,3. Advanced Japanese Grammar,advanced更に,,
さて,,3. Advanced Japanese Grammar,advancedさて,,
さぞ(かし),,3. Advanced Japanese Grammar,advancedさぞ(かし),,
そもそも(の),,3. Advanced Japanese Grammar,advancedそもそも(の),,
そのもの,,3. Advanced Japanese Grammar,advancedそのもの,,
それだけ,,3. Advanced Japanese Grammar,advancedそれだけ,,
それなりに・の,,3. Advanced Japanese Grammar,advancedそれなりに・の,,
末(に),,3. Advanced Japanese Grammar,advanced末(に),,
済む,,3. Advanced Japanese Grammar,advanced済む,,
ただ,,3. Advanced Japanese Grammar,advancedただ,,
但し,,3. Advanced Japanese Grammar,advanced但し,,
たかが,,3. Advanced Japanese Grammar,advancedたかが,,
たなり(で),,3. Advanced Japanese Grammar,advancedたなり(で),,
単位で,,3. Advanced Japanese Grammar,advanced単位で,,
単に,,3. Advanced Japanese Grammar,advanced単に,,
たるや,,3. Advanced Japanese Grammar,advancedたるや,,
(っ)たって(1),,3. Advanced Japanese Grammar,advanced(っ)たって(1),,
(っ)たって(2),,3. Advanced Japanese Grammar,advanced(っ)たって(2),,
てばかりはいられない,,3. Advanced Japanese Grammar,advancedてばかりはいられない,,
～ても～ても,,3. Advanced Japanese Grammar,advanced～ても～ても,,
て仕方がない,,3. Advanced Japanese Grammar,advancedて仕方がない,,
てはいられない,,3. Advanced Japanese Grammar,advancedてはいられない,,
とあって,,3. Advanced Japanese Grammar,advancedとあって,,
とあっては,,3. Advanced Japanese Grammar,advancedとあっては,,
とばかりに,,3. Advanced Japanese Grammar,advancedとばかりに,,
とでも言うべき,,3. Advanced Japanese Grammar,advancedとでも言うべき,,
といえども,,3. Advanced Japanese Grammar,advancedといえども,,
～といい～といい,,3. Advanced Japanese Grammar,advanced～といい～といい,,
といった,,3. Advanced Japanese Grammar,advancedといった,,
といったところだ,,3. Advanced Japanese Grammar,advancedといったところだ,,
と言って,,3. Advanced Japanese Grammar,advancedと言って,,
と言うか,,3. Advanced Japanese Grammar,advancedと言うか,,
と言うのは,,3. Advanced Japanese Grammar,advancedと言うのは,,
と言わず~と言わず,,3. Advanced Japanese Grammar,advancedと言わず~と言わず,,
ところから,,3. Advanced Japanese Grammar,advancedところから,,
ともなく,,3. Advanced Japanese Grammar,advancedともなく,,
ともすると,,3. Advanced Japanese Grammar,advancedともすると,,
との,,3. Advanced Japanese Grammar,advancedとの,,
とても～ない,,3. Advanced Japanese Grammar,advancedとても～ない,,
とは,,3. Advanced Japanese Grammar,advancedとは,,
とは言え,,3. Advanced Japanese Grammar,advancedとは言え,,
つい,,3. Advanced Japanese Grammar,advancedつい,,
ついでに,,3. Advanced Japanese Grammar,advancedついでに,,
ついては,,3. Advanced Japanese Grammar,advancedついては,,
(と言)ったらない,,3. Advanced Japanese Grammar,advanced(と言)ったらない,,
はあれ,,3. Advanced Japanese Grammar,advancedはあれ,,
は別として,,3. Advanced Japanese Grammar,advancedは別として,,
はいいとしても,,3. Advanced Japanese Grammar,advancedはいいとしても,,
はおろか,,3. Advanced Japanese Grammar,advancedはおろか,,
割に(は),,3. Advanced Japanese Grammar,advanced割に(は),,
～わ～わ,,3. Advanced Japanese Grammar,advanced～わ～わ,,
や否や・やいなや,,3. Advanced Japanese Grammar,advancedや否や・やいなや,,
やら,,3. Advanced Japanese Grammar,advancedやら,,
～やら～やら,,3. Advanced Japanese Grammar,advanced～やら～やら,,
ようでは,,3. Advanced Japanese Grammar,advancedようでは,,
ようものなら,,3. Advanced Japanese Grammar,advancedようものなら,,
ようにも(～ない),,3. Advanced Japanese Grammar,advancedようにも(～ない),,
より・のほか(に)(は)～ない,,3. Advanced Japanese Grammar,advancedより・のほか(に)(は)～ない,,
由,,3. Advanced Japanese Grammar,advanced由,,
ようと・が,,3. Advanced Japanese Grammar,advancedようと・が,,
故に,,3. Advanced Japanese Grammar,advanced故に,,
ずにはおかない,,3. Advanced Japanese Grammar,advancedずにはおかない,,
ずして,,3. Advanced Japanese Grammar,advancedずして,,
ずとも,,3. Advanced Japanese Grammar,advancedずとも,,
間,,4. HJG,,,1
あえて,,4. HJG,,,2
上がる,,4. HJG,,,3
あくまで,,4. HJG,,,4
あげく,,4. HJG,,,5
上げる,,4. HJG,,,6
あたかも,,4. HJG,,,7
あっての,,4. HJG,,,8
後1,,4. HJG,,,9
あと2,,4. HJG,,,10
あとから,,4. HJG,,,11
あとで,,4. HJG,,,12
あとは…だけ,,4. HJG,,,13
あまり,,4. HJG,,,14
改める,,4. HJG,,,15
あるいは,,4. HJG,,,16
あるまじき…だ,,4. HJG,,,17
あれで,,4. HJG,,,18
あれでも,,4. HJG,,,19
あんまり,,4. HJG,,,20
いい,,4. HJG,,,21
言う,,4. HJG,,,22
言うまでもない,,4. HJG,,,23
以下,,4. HJG,,,24
意外,,4. HJG,,,25
いかなる,,4. HJG,,,26
いかに,,4. HJG,,,27
いかにも,,4. HJG,,,28
いかん,,4. HJG,,,29
いくら,,4. HJG,,,30
以後,,4. HJG,,,31
いささか,,4. HJG,,,32
いざしらず,,4. HJG,,,33
以上,,4. HJG,,,34
いずれ1,,4. HJG,,,35
いずれ2,,4. HJG,,,36
依然,,4. HJG,,,37
以前,,4. HJG,,,38
至り,,4. HJG,,,39
一概に…ない,,4. HJG,,,40
一度,,4. HJG,,,41
いつか,,4. HJG,,,42
一向に,,4. HJG,,,43
一切,,4. HJG,,,44
いつしか,,4. HJG,,,45
一層,,4. HJG,,,46
一体,,4. HJG,,,47
一旦…と,,4. HJG,,,48
一方,,4. HJG,,,49
以内,,4. HJG,,,50
今頃,,4. HJG,,,51
今更,,4. HJG,,,52
未だ,,4. HJG,,,53
今でこそ,,4. HJG,,,54
今に,,4. HJG,,,55
今にも,,4. HJG,,,56
今や,,4. HJG,,,57
以来,,4. HJG,,,58
いわば,,4. HJG,,,59
所謂,,4. HJG,,,60
上,,4. HJG,,,61
内,,4. HJG,,,62
うる,,4. HJG,,,63
お…致す,,4. HJG,,,64
お…頂く,,4. HJG,,,65
お…下さる,,4. HJG,,,66
お…する,,4. HJG,,,67
お…です,,4. HJG,,,68
お…なさる,,4. HJG,,,69
お…になる,,4. HJG,,,70
お…願う,,4. HJG,,,71
おいそれと（は）…ない,,4. HJG,,,72
おいて,,4. HJG,,,73
おかげで,,4. HJG,,,74
置きに,,4. HJG,,,75
おそらく,,4. HJG,,,76
恐れがある,,4. HJG,,,77
同じ,,4. HJG,,,78
覚えはない,,4. HJG,,,79
おまけに,,4. HJG,,,80
思う,,4. HJG,,,81
思えば,,4. HJG,,,82
思ったら,,4. HJG,,,83
及び,,4. HJG,,,84
おり,,4. HJG,,,85
か,,4. HJG,,,86
が1,,4. HJG,,,87
が2,,4. HJG,,,88
かい,,4. HJG,,,89
却って,,4. HJG,,,90
変える,,4. HJG,,,91
がかり,,4. HJG,,,92
がかる,,4. HJG,,,93
限り,,4. HJG,,,94
限る,,4. HJG,,,95
かくして,,4. HJG,,,96
かけ,,4. HJG,,,97
かける,,4. HJG,,,98
が最後,,4. HJG,,,99
難い,,4. HJG,,,100
かたがた,,4. HJG,,,101
傍ら,,4. HJG,,,102
がち,,4. HJG,,,103
且つ,,4. HJG,,,104
嘗て,,4. HJG,,,105
がてら,,4. HJG,,,106
かと言うと,,4. HJG,,,107
かと思うと,,4. HJG,,,108
かと思うほど,,4. HJG,,,109
かと思えば,,4. HJG,,,110
かと思ったら,,4. HJG,,,111
かな,,4. HJG,,,112
がな,,4. HJG,,,113
必ず,,4. HJG,,,114
必ずしも…ない,,4. HJG,,,115
兼ねない,,4. HJG,,,116
兼ねる,,4. HJG,,,117
が早いか,,4. HJG,,,118
かもしれない,,4. HJG,,,119
かも分からない,,4. HJG,,,120
から1,,4. HJG,,,121
から2,,4. HJG,,,122
から良い,,4. HJG,,,123
から言う,,4. HJG,,,124
からこそ,,4. HJG,,,125
からして,,4. HJG,,,126
からする,,4. HJG,,,127
からって,,4. HJG,,,128
からと言って,,4. HJG,,,129
からには,,4. HJG,,,130
からみる,,4. HJG,,,131
かりそめにも,,4. HJG,,,132
仮に,,4. HJG,,,133
仮にも,,4. HJG,,,134
がる,,4. HJG,,,135
かれ,,4. HJG,,,136
かろう,,4. HJG,,,137
辛うじて,,4. HJG,,,138
代わりに,,4. HJG,,,139
切っ掛け,,4. HJG,,,140
きっと,,4. HJG,,,141
気味,,4. HJG,,,142
嫌いがある,,4. HJG,,,143
きり,,4. HJG,,,144
切る,,4. HJG,,,145
極まりない,,4. HJG,,,146
極み,,4. HJG,,,147
臭い,,4. HJG,,,148
くせ,,4. HJG,,,149
くらい,,4. HJG,,,150
加えて,,4. HJG,,,151
げ,,4. HJG,,,152
結果,,4. HJG,,,153
結局,,4. HJG,,,154
決して…ない,,4. HJG,,,155
けど,,4. HJG,,,156
けれど,,4. HJG,,,157
けれども,,4. HJG,,,158
現在,,4. HJG,,,159
越し,,4. HJG,,,160
こそ,,4. HJG,,,161
事,,4. HJG,,,162
こと請け合いだ,,4. HJG,,,163
ことか,,4. HJG,,,164
事がある,,4. HJG,,,165
事が出来る,,4. HJG,,,166
事この上ない,,4. HJG,,,167
如し,,4. HJG,,,168
事だ,,4. HJG,,,169
事だから,,4. HJG,,,170
事だし,,4. HJG,,,171
事だろう,,4. HJG,,,172
事で,,4. HJG,,,173
事と思う,,4. HJG,,,174
こととて,,4. HJG,,,175
事なく,,4. HJG,,,176
事なしに,,4. HJG,,,177
ことに,,4. HJG,,,178
毎に,,4. HJG,,,179
事にしている,,4. HJG,,,180
事にする,,4. HJG,,,181
事になっている,,4. HJG,,,182
事になる,,4. HJG,,,183
事には,,4. HJG,,,184
事は…が,,4. HJG,,,185
事はない,,4. HJG,,,186
事はならない,,4. HJG,,,187
この度,,4. HJG,,,188
込む,,4. HJG,,,189
ご覧,,4. HJG,,,190
これだと,,4. HJG,,,191
これでは,,4. HJG,,,192
さあ,,4. HJG,,,193
際,,4. HJG,,,194
最中,,4. HJG,,,195
さえ,,4. HJG,,,196
差し支えない,,4. HJG,,,197
流石,,4. HJG,,,198
させる,,4. HJG,,,199
さっぱり,,4. HJG,,,200
さて,,4. HJG,,,201
さほど,,4. HJG,,,202
さも,,4. HJG,,,203
更に,,4. HJG,,,204
ざるを得ない,,4. HJG,,,205
し,,4. HJG,,,206
しいしい,,4. HJG,,,207
しか,,4. HJG,,,208
然し,,4. HJG,,,209
然しながら,,4. HJG,,,210
仕方がない,,4. HJG,,,211
しかも,,4. HJG,,,212
次第,,4. HJG,,,213
従って,,4. HJG,,,214
実は,,4. HJG,,,215
しはする,,4. HJG,,,216
始末だ,,4. HJG,,,217
じゃあ,,4. HJG,,,218
じゃない,,4. HJG,,,219
じゃないか1,,4. HJG,,,220
じゃないか2,,4. HJG,,,221
じゃないが,,4. HJG,,,222
じゃないだろうか,,4. HJG,,,223
中,,4. HJG,,,224
瞬間,,4. HJG,,,225
上,,4. HJG,,,226
しょうがない,,4. HJG,,,227
ず,,4. HJG,,,228
末に,,4. HJG,,,229
過ぎない,,4. HJG,,,230
過ぎる,,4. HJG,,,231
直ぐ,,4. HJG,,,232
少なくとも,,4. HJG,,,233
直ぐにでも,,4. HJG,,,234
尽くめ,,4. HJG,,,235
少しも…ない,,4. HJG,,,236
ずして,,4. HJG,,,237
ずじまいだ,,4. HJG,,,238
ずつ,,4. HJG,,,239
ずとも,,4. HJG,,,240
即ち,,4. HJG,,,241
ずに,,4. HJG,,,242
ずにいる,,4. HJG,,,243
ずに置く,,4. HJG,,,244
ずに済む,,4. HJG,,,245
ずにはいられない,,4. HJG,,,246
ずには置かない,,4. HJG,,,247
ずには済まない,,4. HJG,,,248
済む,,4. HJG,,,249
すら,,4. HJG,,,250
する,,4. HJG,,,251
所為,,4. HJG,,,252
せいぜい,,4. HJG,,,253
せっかく,,4. HJG,,,254
刹那,,4. HJG,,,255
是非,,4. HJG,,,256
せめて,,4. HJG,,,257
せられたい,,4. HJG,,,258
ぜんぜん…ない,,4. HJG,,,259
そう…ない,,4. HJG,,,260
そう言えば,,4. HJG,,,261
そうしたら,,4. HJG,,,262
そうして,,4. HJG,,,263
そうすると,,4. HJG,,,264
そうだ1,,4. HJG,,,265
そうだ2,,4. HJG,,,266
そこで,,4. HJG,,,267
そこへ,,4. HJG,,,268
そこへいくと,,4. HJG,,,269
そしたら,,4. HJG,,,270
そして,,4. HJG,,,271
その…その,,4. HJG,,,272
その上,,4. HJG,,,273
その内,,4. HJG,,,274
そのくせ,,4. HJG,,,275
そのもの,,4. HJG,,,276
そばから,,4. HJG,,,277
そもそも,,4. HJG,,,278
それが,,4. HJG,,,279
それから,,4. HJG,,,280
それこそ,,4. HJG,,,281
それだけ,,4. HJG,,,282
それで,,4. HJG,,,283
それでこそ,,4. HJG,,,284
それでは,,4. HJG,,,285
それでも,,4. HJG,,,286
それどころか,,4. HJG,,,287
それとも,,4. HJG,,,288
それなら,,4. HJG,,,289
それに,,4. HJG,,,290
それにしては,,4. HJG,,,291
それにしても,,4. HJG,,,292
それはそうと,,4. HJG,,,293
それはそれで良い,,4. HJG,,,294
それはそれとして,,4. HJG,,,295
それ程,,4. HJG,,,296
それまでだ,,4. HJG,,,297
それ故,,4. HJG,,,298
それを,,4. HJG,,,299
たい,,4. HJG,,,300
だい,,4. HJG,,,301
大概,,4. HJG,,,302
大した,,4. HJG,,,303
大して…ない,,4. HJG,,,304
大体,,4. HJG,,,305
大抵,,4. HJG,,,306
大変,,4. HJG,,,307
たかが,,4. HJG,,,308
たかだか,,4. HJG,,,309
だから,,4. HJG,,,310
だからこそ,,4. HJG,,,311
だからと言って,,4. HJG,,,312
たがる,,4. HJG,,,313
だけ1,,4. HJG,,,314
だけ2,,4. HJG,,,315
だけ3,,4. HJG,,,316
だけど,,4. HJG,,,317
ただ,,4. HJG,,,318
但し,,4. HJG,,,319
ただでさえ,,4. HJG,,,320
たっけ,,4. HJG,,,321
だったら,,4. HJG,,,322
たって,,4. HJG,,,323
だって1,,4. HJG,,,324
だって2,,4. HJG,,,325
だって3,,4. HJG,,,326
たて,,4. HJG,,,327
だと,,4. HJG,,,328
だと良い,,4. HJG,,,329
だと言って,,4. HJG,,,330
たとえ,,4. HJG,,,331
例えば,,4. HJG,,,332
だとすると,,4. HJG,,,333
だとすれば,,4. HJG,,,334
だなんて,,4. HJG,,,335
だにしない,,4. HJG,,,336
だの,,4. HJG,,,337
度に,,4. HJG,,,338
多分,,4. HJG,,,339
堪らない,,4. HJG,,,340
為,,4. HJG,,,341
試し,,4. HJG,,,342
たら1,,4. HJG,,,343
たら2,,4. HJG,,,344
たら良い,,4. HJG,,,345
だらけ,,4. HJG,,,346
たらどうか,,4. HJG,,,347
たり,,4. HJG,,,348
たりとも,,4. HJG,,,349
たる,,4. HJG,,,350
たろう,,4. HJG,,,351
だろう,,4. HJG,,,352
違いない,,4. HJG,,,353
ちっとも…ない,,4. HJG,,,354
因みに,,4. HJG,,,355
ちゃんと,,4. HJG,,,356
中,,4. HJG,,,357
ちょっと,,4. HJG,,,358
つ…つ,,4. HJG,,,359
つい,,4. HJG,,,360
ついでに,,4. HJG,,,361
ついては,,4. HJG,,,362
遂に,,4. HJG,,,363
つきましては,,4. HJG,,,364
っきり,,4. HJG,,,365
っけ,,4. HJG,,,366
っこない,,4. HJG,,,367
ったら,,4. HJG,,,368
つつ,,4. HJG,,,369
って,,4. HJG,,,370
ってば,,4. HJG,,,371
っぽい,,4. HJG,,,372
つまり,,4. HJG,,,373
つもり,,4. HJG,,,374
て,,4. HJG,,,375
て…て,,4. HJG,,,376
で,,4. HJG,,,377
てあげる,,4. HJG,,,378
てある,,4. HJG,,,379
であれ,,4. HJG,,,380
であろうと,,4. HJG,,,381
て良い,,4. HJG,,,382
て行く,,4. HJG,,,383
ていけない,,4. HJG,,,384
て頂く,,4. HJG,,,385
ていはしまいか,,4. HJG,,,386
ている,,4. HJG,,,387
て置く,,4. HJG,,,388
てから,,4. HJG,,,389
て下さい,,4. HJG,,,390
て下さる,,4. HJG,,,391
て来る,,4. HJG,,,392
てくれ,,4. HJG,,,393
てくれる,,4. HJG,,,394
てこそ,,4. HJG,,,395
て差し上げる,,4. HJG,,,396
て仕方がない,,4. HJG,,,397
て仕舞う,,4. HJG,,,398
てしょうがない,,4. HJG,,,399
て堪らない,,4. HJG,,,400
て頂戴,,4. HJG,,,401
てっきり…と思う,,4. HJG,,,402
てでも,,4. HJG,,,403
でなくて何だろう,,4. HJG,,,404
てならない,,4. HJG,,,405
ての事,,4. HJG,,,406
ては,,4. HJG,,,407
では1,,4. HJG,,,408
では2,,4. HJG,,,409
ではあるが,,4. HJG,,,410
ではあるまいか,,4. HJG,,,411
てはいけない,,4. HJG,,,412
てはいられない,,4. HJG,,,413
ては駄目だ,,4. HJG,,,414
てはどうか,,4. HJG,,,415
ではない,,4. HJG,,,416
ではないか1,,4. HJG,,,417
ではないか2,,4. HJG,,,418
ではないだろうか,,4. HJG,,,419
ではなかったか,,4. HJG,,,420
ではなかろうか,,4. HJG,,,421
ではなくて,,4. HJG,,,422
てはならない,,4. HJG,,,423
て見せる,,4. HJG,,,424
てみる,,4. HJG,,,425
ても,,4. HJG,,,426
でも1,,4. HJG,,,427
でも2,,4. HJG,,,428
でもあり、でもある,,4. HJG,,,429
ても良い,,4. HJG,,,430
ても構わない,,4. HJG,,,431
ても差し支えない,,4. HJG,,,432
ても仕方がない,,4. HJG,,,433
でもって,,4. HJG,,,434
でもない,,4. HJG,,,435
ても宜しい,,4. HJG,,,436
て貰う,,4. HJG,,,437
てやまない,,4. HJG,,,438
てやる,,4. HJG,,,439
点,,4. HJG,,,440
と1,,4. HJG,,,441
と2,,4. HJG,,,442
と相まって,,4. HJG,,,443
とあって,,4. HJG,,,444
と良い,,4. HJG,,,445
といい…といい,,4. HJG,,,446
と言いますと,,4. HJG,,,447
と言いますと,,4. HJG,,,448
と言う1,,4. HJG,,,449
と言う2,,4. HJG,,,450
と言うか,,4. HJG,,,451
と言う事,,4. HJG,,,452
と言うと,,4. HJG,,,453
と言うところだ,,4. HJG,,,454
と言うのは,,4. HJG,,,455
と言うのも,,4. HJG,,,456
と言うものだ,,4. HJG,,,457
と言うものではない,,4. HJG,,,458
と言うより,,4. HJG,,,459
といえど,,4. HJG,,,460
と言えなくもない,,4. HJG,,,461
と言えば,,4. HJG,,,462
といけない,,4. HJG,,,463
と言った,,4. HJG,,,464
と言ったらありはしない,,4. HJG,,,465
と言ったらありゃしない,,4. HJG,,,466
と言ったらない,,4. HJG,,,467
と言って,,4. HJG,,,468
と言っては,,4. HJG,,,469
と言っても,,4. HJG,,,470
と言っても間違いない,,4. HJG,,,471
と言わず…と言わず,,4. HJG,,,472
どうしても,,4. HJG,,,473
同時に,,4. HJG,,,474
どうせ,,4. HJG,,,475
同然,,4. HJG,,,476
とうてい…ない,,4. HJG,,,477
とうとう,,4. HJG,,,478
どうにか,,4. HJG,,,479
どうにも,,4. HJG,,,480
どうも,,4. HJG,,,481
どうもない,,4. HJG,,,482
どうやら,,4. HJG,,,483
道理,,4. HJG,,,484
通し,,4. HJG,,,485
通して,,4. HJG,,,486
通す,,4. HJG,,,487
と思う,,4. HJG,,,488
通り,,4. HJG,,,489
とか1,,4. HJG,,,490
とか2,,4. HJG,,,491
とかく,,4. HJG,,,492
と考えられる,,4. HJG,,,493
時,,4. HJG,,,494
時,,4. HJG,,,495
と聞く,,4. HJG,,,496
と来た日には,,4. HJG,,,497
と来たら,,4. HJG,,,498
と来ているから,,4. HJG,,,499
時として,,4. HJG,,,500
時に,,4. HJG,,,501
時には,,4. HJG,,,502
何処か,,4. HJG,,,503
何処となく,,4. HJG,,,504
所1,,4. HJG,,,505
所2,,4. HJG,,,506
どころ,,4. HJG,,,507
ところが,,4. HJG,,,508
ところだ,,4. HJG,,,509
ところで,,4. HJG,,,510
ところに,,4. HJG,,,511
ところを,,4. HJG,,,512
とされている,,4. HJG,,,513
としたら,,4. HJG,,,514
として,,4. HJG,,,515
として…ない,,4. HJG,,,516
としては,,4. HJG,,,517
としても,,4. HJG,,,518
とする1,,4. HJG,,,519
とする2,,4. HJG,,,520
とすると,,4. HJG,,,521
とすれば1,,4. HJG,,,522
とすれば2,,4. HJG,,,523
途端,,4. HJG,,,524
と違って,,4. HJG,,,525
途中,,4. HJG,,,526
どちらかと言うと,,4. HJG,,,527
とて,,4. HJG,,,528
とても,,4. HJG,,,529
とでも言う,,4. HJG,,,530
とでも言うべき,,4. HJG,,,531
と共に,,4. HJG,,,532
となく,,4. HJG,,,533
となったら,,4. HJG,,,534
となっては,,4. HJG,,,535
となる,,4. HJG,,,536
となると,,4. HJG,,,537
となれば,,4. HJG,,,538
とにかく,,4. HJG,,,539
との,,4. HJG,,,540
とは,,4. HJG,,,541
とは言いながら,,4. HJG,,,542
とは言うものの,,4. HJG,,,543
とは言え,,4. HJG,,,544
とは言っても,,4. HJG,,,545
とは打って変わって,,4. HJG,,,546
とは限らない,,4. HJG,,,547
とばかり,,4. HJG,,,548
と見えて,,4. HJG,,,549
とも,,4. HJG,,,550
ども1,,4. HJG,,,551
ども2,,4. HJG,,,552
ともあろうものが,,4. HJG,,,553
とも限らない,,4. HJG,,,554
ともかく,,4. HJG,,,555
ともすると,,4. HJG,,,556
ともなく,,4. HJG,,,557
ともなると,,4. HJG,,,558
ともなれば,,4. HJG,,,559
とやら,,4. HJG,,,560
取り分け,,4. HJG,,,561
とんだ,,4. HJG,,,562
とんでもない,,4. HJG,,,563
どんな,,4. HJG,,,564
どんなに,,4. HJG,,,565
ないか,,4. HJG,,,566
ないかしら,,4. HJG,,,567
ないかな,,4. HJG,,,568
ないことはない,,4. HJG,,,569
ないこともない,,4. HJG,,,570
ないで,,4. HJG,,,571
ないである,,4. HJG,,,572
ないでいる,,4. HJG,,,573
ないで置く,,4. HJG,,,574
ないでくれ,,4. HJG,,,575
ないで済む,,4. HJG,,,576
ないではいられない,,4. HJG,,,577
ないでは置かない,,4. HJG,,,578
ないでは済まない,,4. HJG,,,579
ないでもない,,4. HJG,,,580
ないでも良い,,4. HJG,,,581
ないと,,4. HJG,,,582
ないと良い,,4. HJG,,,583
ないとも限らない,,4. HJG,,,584
ないまでも,,4. HJG,,,585
ないものか,,4. HJG,,,586
尚,,4. HJG,,,587
直す,,4. HJG,,,588
中,,4. HJG,,,589
流す,,4. HJG,,,590
ながら,,4. HJG,,,591
なきゃ,,4. HJG,,,592
なくしては,,4. HJG,,,593
なくちゃ,,4. HJG,,,594
なくて,,4. HJG,,,595
なくては,,4. HJG,,,596
なくてはいけない,,4. HJG,,,597
なくても良い,,4. HJG,,,598
なくとも良い,,4. HJG,,,599
なくもない,,4. HJG,,,600
なけりゃ,,4. HJG,,,601
なければ,,4. HJG,,,602
なさい,,4. HJG,,,603
なさんな,,4. HJG,,,604
なしでは…ない,,4. HJG,,,605
なしに,,4. HJG,,,606
何故か,,4. HJG,,,607
何故…かと言うと,,4. HJG,,,608
何故かと言うと…からだ,,4. HJG,,,609
何故かと言えば…からだ,,4. HJG,,,610
何故ならば…からだ,,4. HJG,,,611
等,,4. HJG,,,612
何…ない,,4. HJG,,,613
何か,,4. HJG,,,614
何かしら,,4. HJG,,,615
何かと,,4. HJG,,,616
何が何でも,,4. HJG,,,617
何かにつけて,,4. HJG,,,618
何気ない,,4. HJG,,,619
何しろ,,4. HJG,,,620
何にも増して,,4. HJG,,,621
何も,,4. HJG,,,622
何やら,,4. HJG,,,623
何より,,4. HJG,,,624
なまじ,,4. HJG,,,625
なら1,,4. HJG,,,626
なら2,,4. HJG,,,627
なら3,,4. HJG,,,628
なら良い,,4. HJG,,,629
ならでは,,4. HJG,,,630
並びに,,4. HJG,,,631
なり1,,4. HJG,,,632
なり2,,4. HJG,,,633
なり3,,4. HJG,,,634
なりと,,4. HJG,,,635
なる,,4. HJG,,,636
なるたけ,,4. HJG,,,637
なるべく,,4. HJG,,,638
成程,,4. HJG,,,639
慣れた,,4. HJG,,,640
何か,,4. HJG,,,641
何か…ものか,,4. HJG,,,642
何だか,,4. HJG,,,643
なんて1,,4. HJG,,,644
なんて2,,4. HJG,,,645
何でも,,4. HJG,,,646
何とか,,4. HJG,,,649
何とか言う,,4. HJG,,,650
何としても,,4. HJG,,,651
何となく,,4. HJG,,,652
何とはなしに,,4. HJG,,,653
何とも,,4. HJG,,,654
何にしても,,4. HJG,,,655
何にしろ,,4. HJG,,,656
何ら…ない,,4. HJG,,,657
に,,4. HJG,,,658
に当たって,,4. HJG,,,659
に当たり,,4. HJG,,,660
にあって,,4. HJG,,,661
に至る,,4. HJG,,,662
に言わせれば,,4. HJG,,,663
に於いて,,4. HJG,,,664
に応じて,,4. HJG,,,665
におかれましては,,4. HJG,,,666
に於ける,,4. HJG,,,667
にかかっては,,4. HJG,,,668
に関わらず,,4. HJG,,,669
に関わる,,4. HJG,,,670
にかぎったことではない,,4. HJG,,,671
にかけたら,,4. HJG,,,672
にかけて,,4. HJG,,,673
にかこつけて,,4. HJG,,,674
に難くない,,4. HJG,,,675
にかまけて,,4. HJG,,,676
に代わって,,4. HJG,,,677
に代わり,,4. HJG,,,678
に関して,,4. HJG,,,679
に決まってる,,4. HJG,,,680
難い,,4. HJG,,,681
に比べて,,4. HJG,,,682
に加え,,4. HJG,,,683
に加えて,,4. HJG,,,684
に越したことはない,,4. HJG,,,685
に答え,,4. HJG,,,686
に答えて,,4. HJG,,,687
に際し,,4. HJG,,,688
に際して,,4. HJG,,,689
に先立ち,,4. HJG,,,690
に先立って,,4. HJG,,,691
に従い,,4. HJG,,,692
に従って,,4. HJG,,,693
にしたって,,4. HJG,,,694
にしたら,,4. HJG,,,695
にして,,4. HJG,,,696
にしてからが,,4. HJG,,,697
にしては,,4. HJG,,,698
にしてみれば,,4. HJG,,,699
にしても,,4. HJG,,,700
にしろ,,4. HJG,,,701
にせよ,,4. HJG,,,702
に即して,,4. HJG,,,703
に沿って,,4. HJG,,,704
に対して,,4. HJG,,,705
に対する,,4. HJG,,,706
に耐えない,,4. HJG,,,707
に耐える,,4. HJG,,,708
に足りない,,4. HJG,,,709
に足る,,4. HJG,,,710
について,,4. HJG,,,711
につき,,4. HJG,,,712
につけ,,4. HJG,,,713
に連れて,,4. HJG,,,714
にて,,4. HJG,,,715
にとって,,4. HJG,,,716
二度と…ない,,4. HJG,,,717
に留まらず,,4. HJG,,,718
に伴い,,4. HJG,,,719
に伴って,,4. HJG,,,720
になく,,4. HJG,,,721
には,,4. HJG,,,722
には当たらない,,4. HJG,,,723
には及ばない,,4. HJG,,,724
に反し,,4. HJG,,,725
に反して,,4. HJG,,,726
に引き換え,,4. HJG,,,727
に他ならない,,4. HJG,,,728
に向かって,,4. HJG,,,729
に向けて,,4. HJG,,,730
に面して,,4. HJG,,,731
にも,,4. HJG,,,732
にも関わらず,,4. HJG,,,733
に基いて,,4. HJG,,,734
にもなく,,4. HJG,,,735
にもならない,,4. HJG,,,736
によって,,4. HJG,,,737
によらず,,4. HJG,,,738
により,,4. HJG,,,739
による,,4. HJG,,,740
によると,,4. HJG,,,741
によれば,,4. HJG,,,742
に渡って,,4. HJG,,,743
に渡り,,4. HJG,,,744
ぬ,,4. HJG,,,745
抜き,,4. HJG,,,746
抜く,,4. HJG,,,747
ぬまでも,,4. HJG,,,748
ねばならない,,4. HJG,,,749
ねばならぬ,,4. HJG,,,750
の1,,4. HJG,,,751
の2,,4. HJG,,,752
の…の,,4. HJG,,,753
のか,,4. HJG,,,754
のだ,,4. HJG,,,755
のだった,,4. HJG,,,756
のだったら,,4. HJG,,,757
のだろう,,4. HJG,,,758
ので,,4. HJG,,,759
のであった,,4. HJG,,,760
のである,,4. HJG,,,761
のです,,4. HJG,,,762
のでは,,4. HJG,,,763
のではなかったか,,4. HJG,,,764
のに1,,4. HJG,,,765
のに2,,4. HJG,,,766
のは…だ,,4. HJG,,,767
のみ,,4. HJG,,,768
のみならず,,4. HJG,,,769
ば,,4. HJG,,,770
は…で,,4. HJG,,,771
場合,,4. HJG,,,772
はい,,4. HJG,,,773
ば良い,,4. HJG,,,774
は疎か,,4. HJG,,,775
ばかり,,4. HJG,,,776
ばかりか,,4. HJG,,,777
ばかりでなく…も,,4. HJG,,,778
ばこそ,,4. HJG,,,779
初め,,4. HJG,,,780
初めて,,4. HJG,,,781
筈,,4. HJG,,,782
弾み,,4. HJG,,,783
果たして,,4. HJG,,,784
放し,,4. HJG,,,785
早いか,,4. HJG,,,786
範囲で,,4. HJG,,,787
反対に,,4. HJG,,,788
反面,,4. HJG,,,789
ひいては,,4. HJG,,,790
控えて,,4. HJG,,,791
非常に,,4. HJG,,,792
比ではない,,4. HJG,,,793
一つ,,4. HJG,,,794
一つ間違えば,,4. HJG,,,795
一通り,,4. HJG,,,796
ひとり…だけでなく,,4. HJG,,,797
ひとり…のみならず,,4. HJG,,,798
風,,4. HJG,,,799
節がある,,4. HJG,,,800
不足はない,,4. HJG,,,801
ふと,,4. HJG,,,802
振り,,4. HJG,,,803
振る,,4. HJG,,,804
分,,4. HJG,,,805
べからざる,,4. HJG,,,806
べからず,,4. HJG,,,807
べき,,4. HJG,,,808
べく,,4. HJG,,,809
べし,,4. HJG,,,810
下手,,4. HJG,,,811
別段,,4. HJG,,,812
別として,,4. HJG,,,813
別に,,4. HJG,,,814
ぽい,,4. HJG,,,815
方,,4. HJG,,,816
放題,,4. HJG,,,817
他,,4. HJG,,,818
欲しい,,4. HJG,,,819
欲しがる,,4. HJG,,,820
程,,4. HJG,,,821
程なく,,4. HJG,,,822
殆ど,,4. HJG,,,823
まい,,4. HJG,,,824
前,,4. HJG,,,825
まさか,,4. HJG,,,826
正に,,4. HJG,,,827
まして,,4. HJG,,,828
先ず,,4. HJG,,,829
又,,4. HJG,,,830
未だ,,4. HJG,,,831
又しても,,4. HJG,,,832
又は,,4. HJG,,,833
又もや,,4. HJG,,,834
全く,,4. HJG,,,835
まで,,4. HJG,,,836
までに,,4. HJG,,,837
まま,,4. HJG,,,838
まみれ,,4. HJG,,,839
間もなく,,4. HJG,,,840
まるで,,4. HJG,,,841
回る,,4. HJG,,,842
まんざら,,4. HJG,,,843
まんまと,,4. HJG,,,844
見える,,4. HJG,,,845
見込み,,4. HJG,,,846
見込んで,,4. HJG,,,847
見せる,,4. HJG,,,848
みたいだ,,4. HJG,,,849
みだりに,,4. HJG,,,850
見る,,4. HJG,,,851
見るからに,,4. HJG,,,852
向き,,4. HJG,,,853
向く,,4. HJG,,,854
向け,,4. HJG,,,855
向けで,,4. HJG,,,856
むしろ,,4. HJG,,,857
無闇に,,4. HJG,,,858
無理,,4. HJG,,,859
めく,,4. HJG,,,860
巡って,,4. HJG,,,861
滅多に,,4. HJG,,,862
も,,4. HJG,,,863
もう1,,4. HJG,,,864
もう2,,4. HJG,,,865
もう直ぐ,,4. HJG,,,866
も構わず,,4. HJG,,,867
目されている,,4. HJG,,,868
もさる事ながら,,4. HJG,,,869
もし,,4. HJG,,,870
もしかしたら,,4. HJG,,,871
もしくは,,4. HJG,,,872
もしも,,4. HJG,,,873
勿論,,4. HJG,,,874
もって1,,4. HJG,,,875
もって2,,4. HJG,,,876
もっと,,4. HJG,,,877
もっとも,,4. HJG,,,878
もっぱら,,4. HJG,,,879
下,,4. HJG,,,880
元々,,4. HJG,,,881
元より,,4. HJG,,,882
もの,,4. HJG,,,883
ものか,,4. HJG,,,884
ものがある,,4. HJG,,,885
ものだ,,4. HJG,,,886
ものだから,,4. HJG,,,887
ものではない,,4. HJG,,,888
ものでもない,,4. HJG,,,889
ものと思う,,4. HJG,,,890
ものとする,,4. HJG,,,891
ものなら,,4. HJG,,,892
ものの,,4. HJG,,,893
ものを,,4. HJG,,,894
最早,,4. HJG,,,895
や1,,4. HJG,,,896
や2,,4. HJG,,,897
やがて,,4. HJG,,,898
安い,,4. HJG,,,899
やたらに,,4. HJG,,,900
やっと,,4. HJG,,,901
やなんぞ,,4. HJG,,,902
止む,,4. HJG,,,903
やら,,4. HJG,,,904
故,,4. HJG,,,905
よう1,,4. HJG,,,906
よう2,,4. HJG,,,907
要するに,,4. HJG,,,908
ようだ1,,4. HJG,,,909
ようだ2,,4. HJG,,,910
ような1,,4. HJG,,,911
ような2,,4. HJG,,,912
ように1,,4. HJG,,,913
ように2,,4. HJG,,,914
ように3,,4. HJG,,,915
漸く,,4. HJG,,,916
良かった,,4. HJG,,,917
良かろう,,4. HJG,,,918
良く,,4. HJG,,,919
よそに,,4. HJG,,,920
よほど,,4. HJG,,,921
よもや,,4. HJG,,,922
より,,4. HJG,,,923
らしい,,4. HJG,,,924
られる1,,4. HJG,,,925
られる2,,4. HJG,,,926
れる1,,4. HJG,,,927
れる2,,4. HJG,,,928
ろく,,4. HJG,,,929
ろくろく,,4. HJG,,,930
わ…わ,,4. HJG,,,931
訳がない,,4. HJG,,,932
訳だ,,4. HJG,,,933
訳ではない,,4. HJG,,,934
分けても,,4. HJG,,,935
訳にはいけない,,4. HJG,,,936
わざわざ,,4. HJG,,,937
僅か,,4. HJG,,,938
割,,4. HJG,,,939
を…とする,,4. HJG,,,940
を…にひかえて,,4. HJG,,,941
をおいて,,4. HJG,,,942
を限りに,,4. HJG,,,943
を皮切りに,,4. HJG,,,944
を禁じえない,,4. HJG,,,945
を契機として,,4. HJG,,,946
を込めて,,4. HJG,,,947
をして…させる,,4. HJG,,,948
を前提に,,4. HJG,,,949
を頼りに,,4. HJG,,,950
を中心に,,4. HJG,,,951
を通じて,,4. HJG,,,952
を問わず,,4. HJG,,,953
を除いて,,4. HJG,,,954
を踏まえ,,4. HJG,,,955
を基に,,4. HJG,,,956
をものともせずに,,4. HJG,,,957
を余儀なくさせる,,4. HJG,,,958
を余儀なくされる,,4. HJG,,,959
んじゃ,,4. HJG,,,960
んじゃない,,4. HJG,,,961
んじゃないか,,4. HJG,,,962
んじゃないだろうか,,4. HJG,,,963
んじゃなかったか,,4. HJG,,,964
んだ,,4. HJG,,,965
んだった,,4. HJG,,,966
んだって,,4. HJG,,,967
んだろう,,4. HJG,,,968
んで,,4. HJG,,,969
んです,,4. HJG,,,970
あいだ,,5. 日本語表現文型辞典,,あいだ,
あいだに,,5. 日本語表現文型辞典,,あいだに,
あいまって,,5. 日本語表現文型辞典,,あいまって,
あげく,,5. 日本語表現文型辞典,,あげく,
あげる,,5. 日本語表現文型辞典,,あげる,
あたって,,5. 日本語表現文型辞典,,あたって,
あたらない,,5. 日本語表現文型辞典,,あたらない,
あって,,5. 日本語表現文型辞典,,あって,
あっての,,5. 日本語表現文型辞典,,あっての,
あと,,5. 日本語表現文型辞典,,あと,
あとで,,5. 日本語表現文型辞典,,あとで,
あまり,,5. 日本語表現文型辞典,,あまり,
あまりの～に,,5. 日本語表現文型辞典,,あまりの～に,
いかんだ,,5. 日本語表現文型辞典,,いかんだ,
いかんで,,5. 日本語表現文型辞典,,いかんで,
いかんでは,,5. 日本語表現文型辞典,,いかんでは,
いかんにかかわらず,,5. 日本語表現文型辞典,,いかんにかかわらず,
いかんによって,,5. 日本語表現文型辞典,,いかんによって,
いかんによっては,,5. 日本語表現文型辞典,,いかんによっては,
いかんによらず,,5. 日本語表現文型辞典,,いかんによらず,
いざしらず,,5. 日本語表現文型辞典,,いざしらず,
いじょう（は）,,5. 日本語表現文型辞典,,いじょう（は）,
いただく,,5. 日本語表現文型辞典,,いただく,
いたって,,5. 日本語表現文型辞典,,いたって,
いたっては,,5. 日本語表現文型辞典,,いたっては,
いたり,,5. 日本語表現文型辞典,,いたり,
いたる,,5. 日本語表現文型辞典,,いたる,
いたるまで,,5. 日本語表現文型辞典,,いたるまで,
いちばん,,5. 日本語表現文型辞典,,いちばん,
いっぽう（で）,,5. 日本語表現文型辞典,,いっぽう（で）,
いっぽうだ,,5. 日本語表現文型辞典,,いっぽうだ,
いなや,,5. 日本語表現文型辞典,,いなや,
いらい,,5. 日本語表現文型辞典,,いらい,
うえ（に）,,5. 日本語表現文型辞典,,うえ（に）,
うえで,,5. 日本語表現文型辞典,,うえで,
うえで〈目的〉,目=もく | 的=てき,5. 日本語表現文型辞典,,うえで〈目的〉,
うえで,,5. 日本語表現文型辞典,,うえで,
うえは,,5. 日本語表現文型辞典,,うえは,
うちに〈時間幅〉,時=じ | 間=かん | 幅=はば,5. 日本語表現文型辞典,,うちに〈時間幅〉,
うちに〈事前〉,事=じ | 前=ぜん,5. 日本語表現文型辞典,,うちに〈事前〉,
うる,,5. 日本語表現文型辞典,,うる,
えない,,5. 日本語表現文型辞典,,えない,
える,,5. 日本語表現文型辞典,,える,
お～・ご～,,5. 日本語表現文型辞典,,お～・ご～,
お～いたす,,5. 日本語表現文型辞典,,お～いたす,
おいて,,5. 日本語表現文型辞典,,おいて,
おいて,,5. 日本語表現文型辞典,,おいて,
おうじて,,5. 日本語表現文型辞典,,おうじて,
おうずる,,5. 日本語表現文型辞典,,おうずる,
おかげか,,5. 日本語表現文型辞典,,おかげか,
おかげで,,5. 日本語表現文型辞典,,おかげで,
お～ください,,5. 日本語表現文型辞典,,お～ください,
おける,,5. 日本語表現文型辞典,,おける,
お～する,,5. 日本語表現文型辞典,,お～する,
おそれがある,,5. 日本語表現文型辞典,,おそれがある,
お～だ,,5. 日本語表現文型辞典,,お～だ,
お～になる,,5. 日本語表現文型辞典,,お～になる,
おり（に）,,5. 日本語表現文型辞典,,おり（に）,
おろか,,5. 日本語表現文型辞典,,おろか,
おわる,,5. 日本語表現文型辞典,,おわる,
が〈逆接〉,逆=ぎゃく | 接=せつ,5. 日本語表現文型辞典,,が〈逆接〉,
が〈前置き・和らげ〉,前=まえ | 置=お | 和=やわ,5. 日本語表現文型辞典,,が〈前置き・和らげ〉,
がい,,5. 日本語表現文型辞典,,がい,
かいがあって,,5. 日本語表現文型辞典,,かいがあって,
がいちばん,,5. 日本語表現文型辞典,,がいちばん,
かいもなく,,5. 日本語表現文型辞典,,かいもなく,
かかわらず,,5. 日本語表現文型辞典,,かかわらず,
かかわりなく,,5. 日本語表現文型辞典,,かかわりなく,
かかわる,,5. 日本語表現文型辞典,,かかわる,
かぎって,,5. 日本語表現文型辞典,,かぎって,
かぎらず,,5. 日本語表現文型辞典,,かぎらず,
かぎり（は）〈条件の範囲〉,条=じょう | 件=けん | 範=はん | 囲=い,5. 日本語表現文型辞典,,かぎり（は）〈条件の範囲〉,
かぎり〈限界〉,限=げん | 界=かい,5. 日本語表現文型辞典,,かぎり〈限界〉,
かぎり,,5. 日本語表現文型辞典,,かぎり,
かぎり,,5. 日本語表現文型辞典,,かぎり,
かぎりだ,,5. 日本語表現文型辞典,,かぎりだ,
かぎりでは,,5. 日本語表現文型辞典,,かぎりでは,
かぎりに,,5. 日本語表現文型辞典,,かぎりに,
かぎる,,5. 日本語表現文型辞典,,かぎる,
かけだ,,5. 日本語表現文型辞典,,かけだ,
かけては,,5. 日本語表現文型辞典,,かけては,
かける,,5. 日本語表現文型辞典,,かける,
がさいご,,5. 日本語表現文型辞典,,がさいご,
がする,,5. 日本語表現文型辞典,,がする,
がたい,,5. 日本語表現文型辞典,,がたい,
かたがた,,5. 日本語表現文型辞典,,かたがた,
かたくない,,5. 日本語表現文型辞典,,かたくない,
が～だけに,,5. 日本語表現文型辞典,,が～だけに,
かたわら,,5. 日本語表現文型辞典,,かたわら,
がち,,5. 日本語表現文型辞典,,がち,
がてら,,5. 日本語表現文型辞典,,がてら,
（か）とおもうと,,5. 日本語表現文型辞典,,（か）とおもうと,
かとおもうほど,,5. 日本語表現文型辞典,,かとおもうほど,
（か）とおもったら,,5. 日本語表現文型辞典,,（か）とおもったら,
か～ないかのうちに,,5. 日本語表現文型辞典,,か～ないかのうちに,
かねない,,5. 日本語表現文型辞典,,かねない,
かねる,,5. 日本語表現文型辞典,,かねる,
かのようだ,,5. 日本語表現文型辞典,,かのようだ,
かのように,,5. 日本語表現文型辞典,,かのように,
がはやいか,,5. 日本語表現文型辞典,,がはやいか,
がほしい,,5. 日本語表現文型辞典,,がほしい,
かまわず,,5. 日本語表現文型辞典,,かまわず,
かもしれない,,5. 日本語表現文型辞典,,かもしれない,
から〈原因・理由〉,原=げん | 因=いん | 理=り | 由=ゆう,5. 日本語表現文型辞典,,から〈原因・理由〉,
から〈原因〉,原=げん | 因=いん,5. 日本語表現文型辞典,,から〈原因〉,
からある,,5. 日本語表現文型辞典,,からある,
からいうと,,5. 日本語表現文型辞典,,からいうと,
からいえば,,5. 日本語表現文型辞典,,からいえば,
からいって,,5. 日本語表現文型辞典,,からいって,
からいっても,,5. 日本語表現文型辞典,,からいっても,
からこそ,,5. 日本語表現文型辞典,,からこそ,
からして,,5. 日本語表現文型辞典,,からして,
からして,,5. 日本語表現文型辞典,,からして,
からしても,,5. 日本語表現文型辞典,,からしても,
からする,,5. 日本語表現文型辞典,,からする,
からすると,,5. 日本語表現文型辞典,,からすると,
からすれば,,5. 日本語表現文型辞典,,からすれば,
からって,,5. 日本語表現文型辞典,,からって,
からでないと,,5. 日本語表現文型辞典,,からでないと,
からといって,,5. 日本語表現文型辞典,,からといって,
から～にかけて,,5. 日本語表現文型辞典,,から～にかけて,
からには,,5. 日本語表現文型辞典,,からには,
からの,,5. 日本語表現文型辞典,,からの,
がる,,5. 日本語表現文型辞典,,がる,
かわきりに,,5. 日本語表現文型辞典,,かわきりに,
かわって,,5. 日本語表現文型辞典,,かわって,
かわりに〈代償〉,代=だい | 償=しょう,5. 日本語表現文型辞典,,かわりに〈代償〉,
かわりに〈代理〉,代=だい | 理=り,5. 日本語表現文型辞典,,かわりに〈代理〉,
かんして,,5. 日本語表現文型辞典,,かんして,
かんする,,5. 日本語表現文型辞典,,かんする,
きっかけにして,,5. 日本語表現文型辞典,,きっかけにして,
きまっている,,5. 日本語表現文型辞典,,きまっている,
ぎみ,,5. 日本語表現文型辞典,,ぎみ,
きらいがある,,5. 日本語表現文型辞典,,きらいがある,
きり,,5. 日本語表現文型辞典,,きり,
きりだ,,5. 日本語表現文型辞典,,きりだ,
きる,,5. 日本語表現文型辞典,,きる,
きれない,,5. 日本語表現文型辞典,,きれない,
きれる,,5. 日本語表現文型辞典,,きれる,
きわまりない,,5. 日本語表現文型辞典,,きわまりない,
きわまる,,5. 日本語表現文型辞典,,きわまる,
きわみ,,5. 日本語表現文型辞典,,きわみ,
きんじえない,,5. 日本語表現文型辞典,,きんじえない,
くする,,5. 日本語表現文型辞典,,くする,
くせして,,5. 日本語表現文型辞典,,くせして,
くせに,,5. 日本語表現文型辞典,,くせに,
ください,,5. 日本語表現文型辞典,,ください,
くださいませんか,,5. 日本語表現文型辞典,,くださいませんか,
くださる,,5. 日本語表現文型辞典,,くださる,
くなる,,5. 日本語表現文型辞典,,くなる,
くらい〈程度〉,程=てい | 度=ど,5. 日本語表現文型辞典,,くらい〈程度〉,
くらい〈軽視〉,軽=けい | 視=し,5. 日本語表現文型辞典,,くらい〈軽視〉,
くらいだ,,5. 日本語表現文型辞典,,くらいだ,
くらいなら,,5. 日本語表現文型辞典,,くらいなら,
ぐらいなら,,5. 日本語表現文型辞典,,ぐらいなら,
くらい～はない,,5. 日本語表現文型辞典,,くらい～はない,
くらべて,,5. 日本語表現文型辞典,,くらべて,
くれる,,5. 日本語表現文型辞典,,くれる,
くわえて,,5. 日本語表現文型辞典,,くわえて,
け,,5. 日本語表現文型辞典,,け,
げ,,5. 日本語表現文型辞典,,げ,
けいきにして,,5. 日本語表現文型辞典,,けいきにして,
けど,,5. 日本語表現文型辞典,,けど,
けれど（も）〈逆接〉,逆=ぎゃく | 接=せつ,5. 日本語表現文型辞典,,けれど（も）〈逆接〉,
けれど（も）〈前置き・和らげ〉,前=まえ | 置=お | 和=やわ,5. 日本語表現文型辞典,,けれど（も）〈前置き・和らげ〉,
ご～,,5. 日本語表現文型辞典,,ご～,
こしたことはない,,5. 日本語表現文型辞典,,こしたことはない,
こそ,,5. 日本語表現文型辞典,,こそ,
こそ,,5. 日本語表現文型辞典,,こそ,
こたえて,,5. 日本語表現文型辞典,,こたえて,
こたえる,,5. 日本語表現文型辞典,,こたえる,
こと,,5. 日本語表現文型辞典,,こと,
ことか,,5. 日本語表現文型辞典,,ことか,
ことがある,,5. 日本語表現文型辞典,,ことがある,
ことができる,,5. 日本語表現文型辞典,,ことができる,
ことから,,5. 日本語表現文型辞典,,ことから,
ごとき,,5. 日本語表現文型辞典,,ごとき,
ごとき,,5. 日本語表現文型辞典,,ごとき,
ごとく,,5. 日本語表現文型辞典,,ごとく,
ごとく,,5. 日本語表現文型辞典,,ごとく,
ことだ〈感慨〉,感=かん | 慨=がい,5. 日本語表現文型辞典,,ことだ〈感慨〉,
ことだ〈助言・忠告〉,助=じょ | 言=げん | 忠=ちゅう | 告=こく,5. 日本語表現文型辞典,,ことだ〈助言・忠告〉,
ことだ,,5. 日本語表現文型辞典,,ことだ,
ことだから,,5. 日本語表現文型辞典,,ことだから,
ことだし,,5. 日本語表現文型辞典,,ことだし,
ことだろう,,5. 日本語表現文型辞典,,ことだろう,
こととて,,5. 日本語表現文型辞典,,こととて,
こととなっている,,5. 日本語表現文型辞典,,こととなっている,
こととなると,,5. 日本語表現文型辞典,,こととなると,
ことなく,,5. 日本語表現文型辞典,,ことなく,
ことなしに,,5. 日本語表現文型辞典,,ことなしに,
ことに（は）,,5. 日本語表現文型辞典,,ことに（は）,
ことにする,,5. 日本語表現文型辞典,,ことにする,
ことになっている,,5. 日本語表現文型辞典,,ことになっている,
ことになる〈決定〉,決=けっ | 定=てい,5. 日本語表現文型辞典,,ことになる〈決定〉,
ことになる〈結局〉,結=けっ | 局=きょく,5. 日本語表現文型辞典,,ことになる〈結局〉,
ことには,,5. 日本語表現文型辞典,,ことには,
ことは～が,,5. 日本語表現文型辞典,,ことは～が,
ことはない,,5. 日本語表現文型辞典,,ことはない,
ことはない,,5. 日本語表現文型辞典,,ことはない,
こない,,5. 日本語表現文型辞典,,こない,
こめて,,5. 日本語表現文型辞典,,こめて,
さい（に）,,5. 日本語表現文型辞典,,さい（に）,
さいして,,5. 日本語表現文型辞典,,さいして,
さいちゅう（に）,,5. 日本語表現文型辞典,,さいちゅう（に）,
さいちゅうだ,,5. 日本語表現文型辞典,,さいちゅうだ,
さえ,,5. 日本語表現文型辞典,,さえ,
さえ～ば,,5. 日本語表現文型辞典,,さえ～ば,
さきだつ,,5. 日本語表現文型辞典,,さきだつ,
さきだって,,5. 日本語表現文型辞典,,さきだって,
さしあげる,,5. 日本語表現文型辞典,,さしあげる,
させていただけませんか,,5. 日本語表現文型辞典,,させていただけませんか,
させてください,,5. 日本語表現文型辞典,,させてください,
させてくれませんか,,5. 日本語表現文型辞典,,させてくれませんか,
させてもらえませんか,,5. 日本語表現文型辞典,,させてもらえませんか,
させられる,,5. 日本語表現文型辞典,,させられる,
させる〈強制の使役〉,強=きょう | 制=せい | 使=し | 役=えき,5. 日本語表現文型辞典,,させる〈強制の使役〉,
させる〈誘発の使役〉,誘=ゆう | 発=はつ | 使=し | 役=えき,5. 日本語表現文型辞典,,させる〈誘発の使役〉,
させる〈許可・恩恵の使役〉,許=きょ | 可=か | 恩=おん | 恵=けい | 使=し | 役=えき,5. 日本語表現文型辞典,,させる〈許可・恩恵の使役〉,
させる〈責任の使役〉,責=せき | 任=にん | 使=し | 役=えき,5. 日本語表現文型辞典,,させる〈責任の使役〉,
させる〈他動詞化の使役〉,他=た | 動=どう | 詞=し | 化=か | 使=し | 役=えき,5. 日本語表現文型辞典,,させる〈他動詞化の使役〉,
さておき,,5. 日本語表現文型辞典,,さておき,
さることながら,,5. 日本語表現文型辞典,,さることながら,
ざるをえない,,5. 日本語表現文型辞典,,ざるをえない,
し,,5. 日本語表現文型辞典,,し,
しかたがない,,5. 日本語表現文型辞典,,しかたがない,
しかない,,5. 日本語表現文型辞典,,しかない,
しだい,,5. 日本語表現文型辞典,,しだい,
しだいだ,,5. 日本語表現文型辞典,,しだいだ,
しだいだ,,5. 日本語表現文型辞典,,しだいだ,
しだいで,,5. 日本語表現文型辞典,,しだいで,
しだいでは,,5. 日本語表現文型辞典,,しだいでは,
したがって,,5. 日本語表現文型辞典,,したがって,
したって,,5. 日本語表現文型辞典,,したって,
したところで,,5. 日本語表現文型辞典,,したところで,
したら,,5. 日本語表現文型辞典,,したら,
している,,5. 日本語表現文型辞典,,している,
しては,,5. 日本語表現文型辞典,,しては,
しても,,5. 日本語表現文型辞典,,しても,
しても～しても,,5. 日本語表現文型辞典,,しても～しても,
してる,,5. 日本語表現文型辞典,,してる,
しまつだ,,5. 日本語表現文型辞典,,しまつだ,
じゃいけない,,5. 日本語表現文型辞典,,じゃいけない,
じゃう,,5. 日本語表現文型辞典,,じゃう,
じゃかなわない,,5. 日本語表現文型辞典,,じゃかなわない,
じゃないか,,5. 日本語表現文型辞典,,じゃないか,
しろ〈命令〉,命=めい | 令=れい,5. 日本語表現文型辞典,,しろ〈命令〉,
しろ,,5. 日本語表現文型辞典,,しろ,
しろ,,5. 日本語表現文型辞典,,しろ,
しろ〈命令〉と（言う）,命=めい | 令=れい | 言=い,5. 日本語表現文型辞典,,しろ〈命令〉と（言う）,
しろ～しろ,,5. 日本語表現文型辞典,,しろ～しろ,
すえ（に）,,5. 日本語表現文型辞典,,すえ（に）,
すぎない,,5. 日本語表現文型辞典,,すぎない,
すぎる,,5. 日本語表現文型辞典,,すぎる,
ずくめ,,5. 日本語表現文型辞典,,ずくめ,
ずじまい,,5. 日本語表現文型辞典,,ずじまい,
ずに,,5. 日本語表現文型辞典,,ずに,
ずにはいられない,,5. 日本語表現文型辞典,,ずにはいられない,
ずにはおかない〈自発的作用〉,自=じ | 発=はつ | 的=てき | 作=さ | 用=よう,5. 日本語表現文型辞典,,ずにはおかない〈自発的作用〉,
ずにはおかない〈必ずする〉,必=かなら,5. 日本語表現文型辞典,,ずにはおかない〈必ずする〉,
ずにはすまない,,5. 日本語表現文型辞典,,ずにはすまない,
すら〈強調〉,強=きょう | 調=ちょう,5. 日本語表現文型辞典,,すら〈強調〉,
する,,5. 日本語表現文型辞典,,する,
すれば,,5. 日本語表現文型辞典,,すれば,
せいか,,5. 日本語表現文型辞典,,せいか,
せいで,,5. 日本語表現文型辞典,,せいで,
せよ,,5. 日本語表現文型辞典,,せよ,
せよ,,5. 日本語表現文型辞典,,せよ,
せよ～せよ,,5. 日本語表現文型辞典,,せよ～せよ,
そう,,5. 日本語表現文型辞典,,そう,
そういない,,5. 日本語表現文型辞典,,そういない,
そうだ〈伝聞〉,伝=でん | 聞=ぶん,5. 日本語表現文型辞典,,そうだ〈伝聞〉,
そうだ〈様子〉,様=よう | 子=す,5. 日本語表現文型辞典,,そうだ〈様子〉,
そうだ〈直前〉,直=ちょく | 前=ぜん,5. 日本語表現文型辞典,,そうだ〈直前〉,
そうだ〈予想・判断〉,予=よ | 想=そう | 判=はん | 断=だん,5. 日本語表現文型辞典,,そうだ〈予想・判断〉,
そうもない,,5. 日本語表現文型辞典,,そうもない,
そくした,,5. 日本語表現文型辞典,,そくした,
そくして,,5. 日本語表現文型辞典,,そくして,
そって,,5. 日本語表現文型辞典,,そって,
そばから,,5. 日本語表現文型辞典,,そばから,
それまでだ,,5. 日本語表現文型辞典,,それまでだ,
たい,,5. 日本語表現文型辞典,,たい,
たいして,,5. 日本語表現文型辞典,,たいして,
たいする,,5. 日本語表現文型辞典,,たいする,
たいものだ〈願望〉,願=がん | 望=ぼう,5. 日本語表現文型辞典,,たいものだ〈願望〉,
たえない,,5. 日本語表現文型辞典,,たえない,
たえる,,5. 日本語表現文型辞典,,たえる,
たがさいご,,5. 日本語表現文型辞典,,たがさいご,
だから,,5. 日本語表現文型辞典,,だから,
だけ,,5. 日本語表現文型辞典,,だけ,
だけあって,,5. 日本語表現文型辞典,,だけあって,
だけある,,5. 日本語表現文型辞典,,だけある,
だけでなく,,5. 日本語表現文型辞典,,だけでなく,
だけに〈ふさわしく〉,,5. 日本語表現文型辞典,,だけに〈ふさわしく〉,
だけに〈反予想〉,反=はん | 予=よ | 想=そう,5. 日本語表現文型辞典,,だけに〈反予想〉,
だけの,,5. 日本語表現文型辞典,,だけの,
だけのことはある,,5. 日本語表現文型辞典,,だけのことはある,
だけまし,,5. 日本語表現文型辞典,,だけまし,
たことがある〈経験〉,経=けい | 験=けん,5. 日本語表現文型辞典,,たことがある〈経験〉,
たことがある〈過去の特別なこと〉,過=か | 去=こ | 特=とく | 別=べつ,5. 日本語表現文型辞典,,たことがある〈過去の特別なこと〉,
だす,,5. 日本語表現文型辞典,,だす,
（ただ）～だけでなく,,5. 日本語表現文型辞典,,（ただ）～だけでなく,
ただ～のみ,,5. 日本語表現文型辞典,,ただ～のみ,
ただ～のみならず,,5. 日本語表現文型辞典,,ただ～のみならず,
たって,,5. 日本語表現文型辞典,,たって,
だって,,5. 日本語表現文型辞典,,だって,
たとえ～ても,,5. 日本語表現文型辞典,,たとえ～ても,
たところ,,5. 日本語表現文型辞典,,たところ,
たところだ,,5. 日本語表現文型辞典,,たところだ,
たところで,,5. 日本語表現文型辞典,,たところで,
たとたん（に）,,5. 日本語表現文型辞典,,たとたん（に）,
たなら～だろうに,,5. 日本語表現文型辞典,,たなら～だろうに,
だに,,5. 日本語表現文型辞典,,だに,
たばかりだ,,5. 日本語表現文型辞典,,たばかりだ,
たび（に）,,5. 日本語表現文型辞典,,たび（に）,
たほうがいい,,5. 日本語表現文型辞典,,たほうがいい,
ため（に）〈目的〉,目=もく | 的=てき,5. 日本語表現文型辞典,,ため（に）〈目的〉,
ため（に）〈恩恵〉,恩=おん | 恵=けい,5. 日本語表現文型辞典,,ため（に）〈恩恵〉,
ため（に）〈原因〉,原=げん | 因=いん,5. 日本語表現文型辞典,,ため（に）〈原因〉,
たら〈その後で〉,後=あと,5. 日本語表現文型辞典,,たら〈その後で〉,
たら〈条件〉,条=じょう | 件=けん,5. 日本語表現文型辞典,,たら〈条件〉,
たら,,5. 日本語表現文型辞典,,たら,
たら～（のに）,,5. 日本語表現文型辞典,,たら～（のに）,
たらいい〈勧め〉,勧=すす,5. 日本語表現文型辞典,,たらいい〈勧め〉,
たらいい〈希望〉,希=き | 望=ぼう,5. 日本語表現文型辞典,,たらいい〈希望〉,
たらいい,,5. 日本語表現文型辞典,,たらいい,
たらいいですか,,5. 日本語表現文型辞典,,たらいいですか,
だらけ,,5. 日本語表現文型辞典,,だらけ,
たらさいご,,5. 日本語表現文型辞典,,たらさいご,
たら～た,,5. 日本語表現文型辞典,,たら～た,
たら～だろう（に）,,5. 日本語表現文型辞典,,たら～だろう（に）,
たらどうですか,,5. 日本語表現文型辞典,,たらどうですか,
たり～たりする〈複数の行為〉,複=ふく | 数=すう | 行=こう | 為=い,5. 日本語表現文型辞典,,たり～たりする〈複数の行為〉,
たり～たりする〈不定〉,不=ふ | 定=てい,5. 日本語表現文型辞典,,たり～たりする〈不定〉,
たり～たりする〈反復〉,反=はん | 復=ぷく,5. 日本語表現文型辞典,,たり～たりする〈反復〉,
たりとも～ない,,5. 日本語表現文型辞典,,たりとも～ない,
たる,,5. 日本語表現文型辞典,,たる,
たる,,5. 日本語表現文型辞典,,たる,
だろう〈推量〉,推=すい | 量=りょう,5. 日本語表現文型辞典,,だろう〈推量〉,
だろう〈気持ちの強調〉,気=き | 持=も | 強=きょう | 調=ちょう,5. 日本語表現文型辞典,,だろう〈気持ちの強調〉,
だろう,,5. 日本語表現文型辞典,,だろう,
だろうとおもう,,5. 日本語表現文型辞典,,だろうとおもう,
ちがいない,,5. 日本語表現文型辞典,,ちがいない,
ちゃ,,5. 日本語表現文型辞典,,ちゃ,
ちゃいけない,,5. 日本語表現文型辞典,,ちゃいけない,
ちゃう,,5. 日本語表現文型辞典,,ちゃう,
ちゃかなわない,,5. 日本語表現文型辞典,,ちゃかなわない,
ちゅうしんにする,,5. 日本語表現文型辞典,,ちゅうしんにする,
ついて,,5. 日本語表現文型辞典,,ついて,
ついでに,,5. 日本語表現文型辞典,,ついでに,
つうじて,,5. 日本語表現文型辞典,,つうじて,
つき,,5. 日本語表現文型辞典,,つき,
っけ,,5. 日本語表現文型辞典,,っけ,
つけて,,5. 日本語表現文型辞典,,つけて,
っこない,,5. 日本語表現文型辞典,,っこない,
ったらない,,5. 日本語表現文型辞典,,ったらない,
つつ〈逆接〉,逆=ぎゃく | 接=せつ,5. 日本語表現文型辞典,,つつ〈逆接〉,
つつ〈同時進行〉,同=どう | 時=じ | 進=しん | 行=こう,5. 日本語表現文型辞典,,つつ〈同時進行〉,
つ～つ,,5. 日本語表現文型辞典,,つ～つ,
つつある,,5. 日本語表現文型辞典,,つつある,
つづける,,5. 日本語表現文型辞典,,つづける,
つつも,,5. 日本語表現文型辞典,,つつも,
って〈伝聞〉,伝=でん | 聞=ぶん,5. 日本語表現文型辞典,,って〈伝聞〉,
って〈主題〉,主=しゅ | 題=だい,5. 日本語表現文型辞典,,って〈主題〉,
って〈名前〉,名=な | 前=まえ,5. 日本語表現文型辞典,,って〈名前〉,
って,,5. 日本語表現文型辞典,,って,
っていう,,5. 日本語表現文型辞典,,っていう,
っていうことは,,5. 日本語表現文型辞典,,っていうことは,
っていうのは,,5. 日本語表現文型辞典,,っていうのは,
っていえば,,5. 日本語表現文型辞典,,っていえば,
ってことは,,5. 日本語表現文型辞典,,ってことは,
っぱなし,,5. 日本語表現文型辞典,,っぱなし,
っぽい,,5. 日本語表現文型辞典,,っぽい,
つもりだ〈意志〉,意=い | 志=し,5. 日本語表現文型辞典,,つもりだ〈意志〉,
つもりだ〈意図と実際の不一致〉,意=い | 図=と | 実=じっ | 際=さい | 不=ふ | 一=いっ | 致=ち,5. 日本語表現文型辞典,,つもりだ〈意図と実際の不一致〉,
つれて,,5. 日本語表現文型辞典,,つれて,
て,,5. 日本語表現文型辞典,,て,
て〈並列・対比〉,並=へい | 列=れつ | 対=たい | 比=ひ,5. 日本語表現文型辞典,,て〈並列・対比〉,
て〈順次・前段階〉,順=じゅん | 次=じ | 前=ぜん | 段=だん | 階=かい,5. 日本語表現文型辞典,,て〈順次・前段階〉,
て〈方法・状態〉,方=ほう | 法=ほう | 状=じょう | 態=たい,5. 日本語表現文型辞典,,て〈方法・状態〉,
て〈理由・原因〉,理=り | 由=ゆう | 原=げん | 因=いん,5. 日本語表現文型辞典,,て〈理由・原因〉,
て〈緩い連結〉,緩=ゆる | 連=れん | 結=けつ,5. 日本語表現文型辞典,,て〈緩い連結〉,
で,,5. 日本語表現文型辞典,,で,
てあげる,,5. 日本語表現文型辞典,,てあげる,
てある,,5. 日本語表現文型辞典,,てある,
であれ,,5. 日本語表現文型辞典,,であれ,
であれ～であれ,,5. 日本語表現文型辞典,,であれ～であれ,
であろうと,,5. 日本語表現文型辞典,,であろうと,
ていく,,5. 日本語表現文型辞典,,ていく,
ていただく,,5. 日本語表現文型辞典,,ていただく,
ていない,,5. 日本語表現文型辞典,,ていない,
ていらい,,5. 日本語表現文型辞典,,ていらい,
ている〈進行・継続〉,進=しん | 行=こう | 継=けい | 続=ぞく,5. 日本語表現文型辞典,,ている〈進行・継続〉,
ている〈習慣・反復・職業・身分〉,習=しゅう | 慣=かん | 反=はん | 復=ぷく | 職=しょく | 業=ぎょう | 身=み | 分=ぶん,5. 日本語表現文型辞典,,ている〈習慣・反復・職業・身分〉,
ている〈変化の結果の残存〉,変=へん | 化=か | 結=けっ | 果=か | 残=ざん | 存=そん,5. 日本語表現文型辞典,,ている〈変化の結果の残存〉,
ている〈初めからの外見、状態〉,初=はじ | 外=がい | 見=けん | 状=じょう | 態=たい,5. 日本語表現文型辞典,,ている〈初めからの外見、状態〉,
ている〈経歴・経験〉,経=けい | 歴=れき | 経=けい | 験=けん,5. 日本語表現文型辞典,,ている〈経歴・経験〉,
ているところだ,,5. 日本語表現文型辞典,,ているところだ,
ておく,,5. 日本語表現文型辞典,,ておく,
てから〈動作の順序〉,動=どう | 作=さ | 順=じゅん | 序=じょ,5. 日本語表現文型辞典,,てから〈動作の順序〉,
てから〈起点〉,起=き | 点=てん,5. 日本語表現文型辞典,,てから〈起点〉,
てからでないと,,5. 日本語表現文型辞典,,てからでないと,
てからでなければ,,5. 日本語表現文型辞典,,てからでなければ,
てからというもの（は）,,5. 日本語表現文型辞典,,てからというもの（は）,
てからは,,5. 日本語表現文型辞典,,てからは,
できる,,5. 日本語表現文型辞典,,できる,
てください,,5. 日本語表現文型辞典,,てください,
てくださいませんか,,5. 日本語表現文型辞典,,てくださいませんか,
てくださる,,5. 日本語表現文型辞典,,てくださる,
てくる〈行って戻る〉,行=い | 戻=もど,5. 日本語表現文型辞典,,てくる〈行って戻る〉,
てくる〈順次〉,順=じゅん | 次=じ,5. 日本語表現文型辞典,,てくる〈順次〉,
てくる〈変化〉,変=へん | 化=か,5. 日本語表現文型辞典,,てくる〈変化〉,
てくる〈継続〉,継=けい | 続=ぞく,5. 日本語表現文型辞典,,てくる〈継続〉,
てくる〈移動の状態〉,移=い | 動=どう | 状=じょう | 態=たい,5. 日本語表現文型辞典,,てくる〈移動の状態〉,
てくる〈方向性〉,方=ほう | 向=こう | 性=せい,5. 日本語表現文型辞典,,てくる〈方向性〉,
てくる〈話者への接近・離反〉,話=わ | 者=しゃ | 接=せっ | 近=きん | 離=り | 反=はん,5. 日本語表現文型辞典,,てくる〈話者への接近・離反〉,
てくる〈話者への接近〉,話=わ | 者=しゃ | 接=せっ | 近=きん,5. 日本語表現文型辞典,,てくる〈話者への接近〉,
てくる〈変化の出現〉,変=へん | 化=か | 出=しゅつ | 現=げん,5. 日本語表現文型辞典,,てくる〈変化の出現〉,
てくれる,,5. 日本語表現文型辞典,,てくれる,
てこそ,,5. 日本語表現文型辞典,,てこそ,
でさえ,,5. 日本語表現文型辞典,,でさえ,
てさしあげる,,5. 日本語表現文型辞典,,てさしあげる,
てしかたがない,,5. 日本語表現文型辞典,,てしかたがない,
でしかたがない,,5. 日本語表現文型辞典,,でしかたがない,
てしまう〈完了〉,完=かん | 了=りょう,5. 日本語表現文型辞典,,てしまう〈完了〉,
てしまう〈残念〉,残=ざん | 念=ねん,5. 日本語表現文型辞典,,てしまう〈残念〉,
でしょう〈同意求め　確認〉,同=どう | 意=い | 求=もと | 確=かく | 認=にん,5. 日本語表現文型辞典,,でしょう〈同意求め　確認〉,
でしょう,,5. 日本語表現文型辞典,,でしょう,
てしょうがない,,5. 日本語表現文型辞典,,てしょうがない,
ですら,,5. 日本語表現文型辞典,,ですら,
てたまらない,,5. 日本語表現文型辞典,,てたまらない,
てでも,,5. 日本語表現文型辞典,,てでも,
てない,,5. 日本語表現文型辞典,,てない,
でなくてなんだろう,,5. 日本語表現文型辞典,,でなくてなんだろう,
てならない,,5. 日本語表現文型辞典,,てならない,
ては,,5. 日本語表現文型辞典,,ては,
ではありません,,5. 日本語表現文型辞典,,ではありません,
ではあるまいし,,5. 日本語表現文型辞典,,ではあるまいし,
てはいけない,,5. 日本語表現文型辞典,,てはいけない,
ではいられない,,5. 日本語表現文型辞典,,ではいられない,
てはかなわない,,5. 日本語表現文型辞典,,てはかなわない,
ではかなわない,,5. 日本語表現文型辞典,,ではかなわない,
てはじめて,,5. 日本語表現文型辞典,,てはじめて,
ではないか〈感動〉,感=かん | 動=どう,5. 日本語表現文型辞典,,ではないか〈感動〉,
ではないか〈判断〉,判=はん | 断=だん,5. 日本語表現文型辞典,,ではないか〈判断〉,
てほしい,,5. 日本語表現文型辞典,,てほしい,
てほしいものだ,,5. 日本語表現文型辞典,,てほしいものだ,
てほしいもんだ,,5. 日本語表現文型辞典,,てほしいもんだ,
てまえ,,5. 日本語表現文型辞典,,てまえ,
てまで,,5. 日本語表現文型辞典,,てまで,
てみせる,,5. 日本語表現文型辞典,,てみせる,
てみる,,5. 日本語表現文型辞典,,てみる,
ても,,5. 日本語表現文型辞典,,ても,
でも,,5. 日本語表現文型辞典,,でも,
てもいい〈許可〉,許=きょ | 可=か,5. 日本語表現文型辞典,,てもいい〈許可〉,
てもいい〈譲歩〉,譲=じょう | 歩=ほ,5. 日本語表現文型辞典,,てもいい〈譲歩〉,
でもいい,,5. 日本語表現文型辞典,,でもいい,
てもかまわない〈許可〉,許=きょ | 可=か,5. 日本語表現文型辞典,,てもかまわない〈許可〉,
てもかまわない〈譲歩〉,譲=じょう | 歩=ほ,5. 日本語表現文型辞典,,てもかまわない〈譲歩〉,
でもかまわない,,5. 日本語表現文型辞典,,でもかまわない,
てもさしつかえない,,5. 日本語表現文型辞典,,てもさしつかえない,
でもさしつかえない,,5. 日本語表現文型辞典,,でもさしつかえない,
でもない,,5. 日本語表現文型辞典,,でもない,
てもらう,,5. 日本語表現文型辞典,,てもらう,
てやまない,,5. 日本語表現文型辞典,,てやまない,
てやる,,5. 日本語表現文型辞典,,てやる,
てる,,5. 日本語表現文型辞典,,てる,
てるところ,,5. 日本語表現文型辞典,,てるところ,
と〈条件〉,条=じょう | 件=けん,5. 日本語表現文型辞典,,と〈条件〉,
と〈継起〉,継=けい | 起=き,5. 日本語表現文型辞典,,と〈継起〉,
と〈直接話法〉,直=ちょく | 接=せつ | 話=わ | 法=ほう,5. 日本語表現文型辞典,,と〈直接話法〉,
と〈間接話法〉,間=かん | 接=せつ | 話=わ | 法=ほう,5. 日本語表現文型辞典,,と〈間接話法〉,
と～（のに）〈反実仮想〉,反=はん | 実=じつ | 仮=か | 想=そう,5. 日本語表現文型辞典,,と～（のに）〈反実仮想〉,
とあいまって,,5. 日本語表現文型辞典,,とあいまって,
とあって,,5. 日本語表現文型辞典,,とあって,
とあれば,,5. 日本語表現文型辞典,,とあれば,
といい〈希望〉,希=き | 望=ぼう,5. 日本語表現文型辞典,,といい〈希望〉,
といい〈勧め〉,勧=すす,5. 日本語表現文型辞典,,といい〈勧め〉,
といい～といい,,5. 日本語表現文型辞典,,といい～といい,
という〈名前の紹介〉,名=な | 前=まえ | 紹=しょう | 介=かい,5. 日本語表現文型辞典,,という〈名前の紹介〉,
という〈名前〉,名=な | 前=まえ,5. 日本語表現文型辞典,,という〈名前〉,
という〈内容説明〉,内=ない | 容=よう | 説=せつ | 明=めい,5. 日本語表現文型辞典,,という〈内容説明〉,
というか～というか,,5. 日本語表現文型辞典,,というか～というか,
ということだ〈伝聞〉,伝=でん | 聞=ぶん,5. 日本語表現文型辞典,,ということだ〈伝聞〉,
ということだ〈結論〉,結=けつ | 論=ろん,5. 日本語表現文型辞典,,ということだ〈結論〉,
ということは,,5. 日本語表現文型辞典,,ということは,
というと〈連想〉,連=れん | 想=そう,5. 日本語表現文型辞典,,というと〈連想〉,
というと〈確認〉,確=かく | 認=にん,5. 日本語表現文型辞典,,というと〈確認〉,
というと,,5. 日本語表現文型辞典,,というと,
というところだ,,5. 日本語表現文型辞典,,というところだ,
というのは,,5. 日本語表現文型辞典,,というのは,
というもの,,5. 日本語表現文型辞典,,というもの,
というものだ,,5. 日本語表現文型辞典,,というものだ,
というものではない,,5. 日本語表現文型辞典,,というものではない,
というものでもない,,5. 日本語表現文型辞典,,というものでもない,
というものは,,5. 日本語表現文型辞典,,というものは,
というより,,5. 日本語表現文型辞典,,というより,
といえども,,5. 日本語表現文型辞典,,といえども,
といえども～ない,,5. 日本語表現文型辞典,,といえども～ない,
といえば,,5. 日本語表現文型辞典,,といえば,
といった,,5. 日本語表現文型辞典,,といった,
といったところだ,,5. 日本語表現文型辞典,,といったところだ,
といったら,,5. 日本語表現文型辞典,,といったら,
といったらありはしない,,5. 日本語表現文型辞典,,といったらありはしない,
といったらありゃしない,,5. 日本語表現文型辞典,,といったらありゃしない,
といったらない,,5. 日本語表現文型辞典,,といったらない,
といっても,,5. 日本語表現文型辞典,,といっても,
といわず～といわず,,5. 日本語表現文型辞典,,といわず～といわず,
とおして,,5. 日本語表現文型辞典,,とおして,
とおもいきや,,5. 日本語表現文型辞典,,とおもいきや,
とおもうと,,5. 日本語表現文型辞典,,とおもうと,
とおり（に）,,5. 日本語表現文型辞典,,とおり（に）,
どおり（に）,,5. 日本語表現文型辞典,,どおり（に）,
とおりだ,,5. 日本語表現文型辞典,,とおりだ,
とか,,5. 日本語表現文型辞典,,とか,
とか～とか,,5. 日本語表現文型辞典,,とか～とか,
とき,,5. 日本語表現文型辞典,,とき,
ときたら,,5. 日本語表現文型辞典,,ときたら,
とく,,5. 日本語表現文型辞典,,とく,
ところ ＋ 助詞（で・に・へ・を）,助=じょ | 詞=し,5. 日本語表現文型辞典,,ところ ＋ 助詞（で・に・へ・を）,
どころか〈正反対〉,正=せい | 反=はん | 対=たい,5. 日本語表現文型辞典,,どころか〈正反対〉,
どころか〈程度の対比〉,程=てい | 度=ど | 対=たい | 比=ひ,5. 日本語表現文型辞典,,どころか〈程度の対比〉,
ところから,,5. 日本語表現文型辞典,,ところから,
ところだ,,5. 日本語表現文型辞典,,ところだ,
ところだった,,5. 日本語表現文型辞典,,ところだった,
どころではない,,5. 日本語表現文型辞典,,どころではない,
どころではない,,5. 日本語表現文型辞典,,どころではない,
どころではなく,,5. 日本語表現文型辞典,,どころではなく,
ところを,,5. 日本語表現文型辞典,,ところを,
ところをみると,,5. 日本語表現文型辞典,,ところをみると,
としたって,,5. 日本語表現文型辞典,,としたって,
としたって,,5. 日本語表現文型辞典,,としたって,
としたところで,,5. 日本語表現文型辞典,,としたところで,
としたら,,5. 日本語表現文型辞典,,としたら,
として,,5. 日本語表現文型辞典,,として,
として～ない,,5. 日本語表現文型辞典,,として～ない,
としても,,5. 日本語表現文型辞典,,としても,
としない,,5. 日本語表現文型辞典,,としない,
とする,,5. 日本語表現文型辞典,,とする,
とすると,,5. 日本語表現文型辞典,,とすると,
とすれば,,5. 日本語表現文型辞典,,とすれば,
と～た〈きっかけ〉,,5. 日本語表現文型辞典,,と～た〈きっかけ〉,
と～た〈発見〉,発=はっ | 見=けん,5. 日本語表現文型辞典,,と～た〈発見〉,
と～た〈偶然〉,偶=ぐう | 然=ぜん,5. 日本語表現文型辞典,,と～た〈偶然〉,
とたん（に）,,5. 日本語表現文型辞典,,とたん（に）,
どちら,,5. 日本語表現文型辞典,,どちら,
どっち,,5. 日本語表現文型辞典,,どっち,
とって,,5. 日本語表現文型辞典,,とって,
と～とどちら,,5. 日本語表現文型辞典,,と～とどちら,
とどまらず,,5. 日本語表現文型辞典,,とどまらず,
とともに〈いっしょに〉,,5. 日本語表現文型辞典,,とともに〈いっしょに〉,
とともに〈相関関係〉,相=そう | 関=かん | 関=かん | 係=けい,5. 日本語表現文型辞典,,とともに〈相関関係〉,
とともに〈同時〉,同=どう | 時=じ,5. 日本語表現文型辞典,,とともに〈同時〉,
とともに〈付加〉,付=ふ | 加=か,5. 日本語表現文型辞典,,とともに〈付加〉,
となると〈新事態の仮定・確定〉,新=しん | 事=じ | 態=たい | 仮=か | 定=てい | 確=かく | 定=てい,5. 日本語表現文型辞典,,となると〈新事態の仮定・確定〉,
となると〈話題〉,話=わ | 題=だい,5. 日本語表現文型辞典,,となると〈話題〉,
とのことだ,,5. 日本語表現文型辞典,,とのことだ,
とは〈定義〉,定=てい | 義=ぎ,5. 日本語表現文型辞典,,とは〈定義〉,
とは〈驚き〉,驚=おどろ,5. 日本語表現文型辞典,,とは〈驚き〉,
とはいうものの,,5. 日本語表現文型辞典,,とはいうものの,
とはいえ,,5. 日本語表現文型辞典,,とはいえ,
とはかぎらない,,5. 日本語表現文型辞典,,とはかぎらない,
とばかり（に）,,5. 日本語表現文型辞典,,とばかり（に）,
とみえて,,5. 日本語表現文型辞典,,とみえて,
とみえる,,5. 日本語表現文型辞典,,とみえる,
ともあろう,,5. 日本語表現文型辞典,,ともあろう,
ともかく（として）,,5. 日本語表現文型辞典,,ともかく（として）,
ともなく,,5. 日本語表現文型辞典,,ともなく,
ともなしに,,5. 日本語表現文型辞典,,ともなしに,
ともなって,,5. 日本語表現文型辞典,,ともなって,
ともなると,,5. 日本語表現文型辞典,,ともなると,
ともなれば,,5. 日本語表現文型辞典,,ともなれば,
とわず,,5. 日本語表現文型辞典,,とわず,
な〈禁止〉,禁=きん | 止=し,5. 日本語表現文型辞典,,な〈禁止〉,
な〈禁止〉と（言う）,禁=きん | 止=し | 言=い,5. 日本語表現文型辞典,,な〈禁止〉と（言う）,
ないうちに,,5. 日本語表現文型辞典,,ないうちに,
ないか,,5. 日本語表現文型辞典,,ないか,
ないかぎり,,5. 日本語表現文型辞典,,ないかぎり,
ないかのうちに,,5. 日本語表現文型辞典,,ないかのうちに,
ないことがある,,5. 日本語表現文型辞典,,ないことがある,
ないことにする,,5. 日本語表現文型辞典,,ないことにする,
ないことになる,,5. 日本語表現文型辞典,,ないことになる,
ないことには,,5. 日本語表現文型辞典,,ないことには,
ないことはない,,5. 日本語表現文型辞典,,ないことはない,
ないこともない,,5. 日本語表現文型辞典,,ないこともない,
ないつもりだ,,5. 日本語表現文型辞典,,ないつもりだ,
ないで,,5. 日本語表現文型辞典,,ないで,
ないでおく,,5. 日本語表現文型辞典,,ないでおく,
ないでください,,5. 日本語表現文型辞典,,ないでください,
ないではいられない,,5. 日本語表現文型辞典,,ないではいられない,
ないではおかない,,5. 日本語表現文型辞典,,ないではおかない,
ないではすまない,,5. 日本語表現文型辞典,,ないではすまない,
ないでもない,,5. 日本語表現文型辞典,,ないでもない,
ないと,,5. 日本語表現文型辞典,,ないと,
ないどく,,5. 日本語表現文型辞典,,ないどく,
ないほうがいい,,5. 日本語表現文型辞典,,ないほうがいい,
ないまでも,,5. 日本語表現文型辞典,,ないまでも,
ないものか,,5. 日本語表現文型辞典,,ないものか,
ないものでもない,,5. 日本語表現文型辞典,,ないものでもない,
ないもんでもない,,5. 日本語表現文型辞典,,ないもんでもない,
ないように,,5. 日本語表現文型辞典,,ないように,
ないようにする,,5. 日本語表現文型辞典,,ないようにする,
ないわけにはいかない,,5. 日本語表現文型辞典,,ないわけにはいかない,
ながら〈同時進行〉,同=どう | 時=じ | 進=しん | 行=こう,5. 日本語表現文型辞典,,ながら〈同時進行〉,
ながら〈逆接〉,逆=ぎゃく | 接=せつ,5. 日本語表現文型辞典,,ながら〈逆接〉,
ながら〈そのまま〉,,5. 日本語表現文型辞典,,ながら〈そのまま〉,
ながらに,,5. 日本語表現文型辞典,,ながらに,
ながらにして,,5. 日本語表現文型辞典,,ながらにして,
ながらの,,5. 日本語表現文型辞典,,ながらの,
ながらも,,5. 日本語表現文型辞典,,ながらも,
なきゃ,,5. 日本語表現文型辞典,,なきゃ,
なきゃいけない,,5. 日本語表現文型辞典,,なきゃいけない,
なきゃならない,,5. 日本語表現文型辞典,,なきゃならない,
なくして（は）,,5. 日本語表現文型辞典,,なくして（は）,
なくたっていい,,5. 日本語表現文型辞典,,なくたっていい,
なくたってかまわない,,5. 日本語表現文型辞典,,なくたってかまわない,
なくちゃならない,,5. 日本語表現文型辞典,,なくちゃならない,
なくっていい,,5. 日本語表現文型辞典,,なくっていい,
なくて〈並列・理由〉,並=へい | 列=れつ | 理=り | 由=ゆう,5. 日本語表現文型辞典,,なくて〈並列・理由〉,
なくて〈理由〉,理=り | 由=ゆう,5. 日本語表現文型辞典,,なくて〈理由〉,
なくてはいけない,,5. 日本語表現文型辞典,,なくてはいけない,
なくてはならない,,5. 日本語表現文型辞典,,なくてはならない,
なくてもいい〈不必要〉,不=ふ | 必=ひつ | 要=よう,5. 日本語表現文型辞典,,なくてもいい〈不必要〉,
なくてもいい〈譲歩〉,譲=じょう | 歩=ほ,5. 日本語表現文型辞典,,なくてもいい〈譲歩〉,
なくてもかまわない,,5. 日本語表現文型辞典,,なくてもかまわない,
なくなる,,5. 日本語表現文型辞典,,なくなる,
なくもない,,5. 日本語表現文型辞典,,なくもない,
なければ,,5. 日本語表現文型辞典,,なければ,
なければいけない,,5. 日本語表現文型辞典,,なければいけない,
なければならない,,5. 日本語表現文型辞典,,なければならない,
なさい,,5. 日本語表現文型辞典,,なさい,
なしに,,5. 日本語表現文型辞典,,なしに,
など,,5. 日本語表現文型辞典,,など,
なら,,5. 日本語表現文型辞典,,なら,
なら（ば）,,5. 日本語表現文型辞典,,なら（ば）,
なら～ほど,,5. 日本語表現文型辞典,,なら～ほど,
ならいい,,5. 日本語表現文型辞典,,ならいい,
ならいざしらず,,5. 日本語表現文型辞典,,ならいざしらず,
ならでは,,5. 日本語表現文型辞典,,ならでは,
なり,,5. 日本語表現文型辞典,,なり,
なり～なり,,5. 日本語表現文型辞典,,なり～なり,
なりに,,5. 日本語表現文型辞典,,なりに,
なる,,5. 日本語表現文型辞典,,なる,
なる,,5. 日本語表現文型辞典,,なる,
なんか,,5. 日本語表現文型辞典,,なんか,
なんて,,5. 日本語表現文型辞典,,なんて,
なんて,,5. 日本語表現文型辞典,,なんて,
に,,5. 日本語表現文型辞典,,に,
に,,5. 日本語表現文型辞典,,に,
にあたって,,5. 日本語表現文型辞典,,にあたって,
にあたらない,,5. 日本語表現文型辞典,,にあたらない,
にあって,,5. 日本語表現文型辞典,,にあって,
にいたって,,5. 日本語表現文型辞典,,にいたって,
にいたっては,,5. 日本語表現文型辞典,,にいたっては,
にいたる,,5. 日本語表現文型辞典,,にいたる,
にいたるまで,,5. 日本語表現文型辞典,,にいたるまで,
において,,5. 日本語表現文型辞典,,において,
におうじた,,5. 日本語表現文型辞典,,におうじた,
におうじて,,5. 日本語表現文型辞典,,におうじて,
における,,5. 日本語表現文型辞典,,における,
にかかわらず,,5. 日本語表現文型辞典,,にかかわらず,
にかかわりなく,,5. 日本語表現文型辞典,,にかかわりなく,
にかかわる,,5. 日本語表現文型辞典,,にかかわる,
にかぎって,,5. 日本語表現文型辞典,,にかぎって,
にかぎらず,,5. 日本語表現文型辞典,,にかぎらず,
にかぎり,,5. 日本語表現文型辞典,,にかぎり,
にかぎる,,5. 日本語表現文型辞典,,にかぎる,
にかけては,,5. 日本語表現文型辞典,,にかけては,
にかたくない,,5. 日本語表現文型辞典,,にかたくない,
にかわって,,5. 日本語表現文型辞典,,にかわって,
にかんして,,5. 日本語表現文型辞典,,にかんして,
にかんする,,5. 日本語表現文型辞典,,にかんする,
にきまっている,,5. 日本語表現文型辞典,,にきまっている,
にくい,,5. 日本語表現文型辞典,,にくい,
にくらべて,,5. 日本語表現文型辞典,,にくらべて,
にくわえて,,5. 日本語表現文型辞典,,にくわえて,
にこしたことはない,,5. 日本語表現文型辞典,,にこしたことはない,
にこたえて,,5. 日本語表現文型辞典,,にこたえて,
にこたえる,,5. 日本語表現文型辞典,,にこたえる,
にさいして,,5. 日本語表現文型辞典,,にさいして,
にさきだつ,,5. 日本語表現文型辞典,,にさきだつ,
にさきだって,,5. 日本語表現文型辞典,,にさきだって,
にしたがって,,5. 日本語表現文型辞典,,にしたがって,
にしたって,,5. 日本語表現文型辞典,,にしたって,
にしたって,,5. 日本語表現文型辞典,,にしたって,
にしたところで,,5. 日本語表現文型辞典,,にしたところで,
にしたら,,5. 日本語表現文型辞典,,にしたら,
にして〈程度強調〉,程=てい | 度=ど | 強=きょう | 調=ちょう,5. 日本語表現文型辞典,,にして〈程度強調〉,
にしては,,5. 日本語表現文型辞典,,にしては,
にしても〈逆接仮定〉,逆=ぎゃく | 接=せつ | 仮=か | 定=てい,5. 日本語表現文型辞典,,にしても〈逆接仮定〉,
にしても〈譲歩〉,譲=じょう | 歩=ほ,5. 日本語表現文型辞典,,にしても〈譲歩〉,
にしても～にしても,,5. 日本語表現文型辞典,,にしても～にしても,
にしろ,,5. 日本語表現文型辞典,,にしろ,
にしろ,,5. 日本語表現文型辞典,,にしろ,
にしろ～にしろ,,5. 日本語表現文型辞典,,にしろ～にしろ,
にすぎない,,5. 日本語表現文型辞典,,にすぎない,
にする,,5. 日本語表現文型辞典,,にする,
にする,,5. 日本語表現文型辞典,,にする,
にすれば,,5. 日本語表現文型辞典,,にすれば,
にせよ,,5. 日本語表現文型辞典,,にせよ,
にせよ～にせよ,,5. 日本語表現文型辞典,,にせよ～にせよ,
にそう,,5. 日本語表現文型辞典,,にそう,
にそういない,,5. 日本語表現文型辞典,,にそういない,
にそくした,,5. 日本語表現文型辞典,,にそくした,
にそくして,,5. 日本語表現文型辞典,,にそくして,
にそった,,5. 日本語表現文型辞典,,にそった,
にそって,,5. 日本語表現文型辞典,,にそって,
にたいして〈対象〉,対=たい | 象=しょう,5. 日本語表現文型辞典,,にたいして〈対象〉,
にたいして〈対比〉,対=たい | 比=ひ,5. 日本語表現文型辞典,,にたいして〈対比〉,
にたいする,,5. 日本語表現文型辞典,,にたいする,
にたえない,,5. 日本語表現文型辞典,,にたえない,
にたえる,,5. 日本語表現文型辞典,,にたえる,
にたる,,5. 日本語表現文型辞典,,にたる,
にちがいない,,5. 日本語表現文型辞典,,にちがいない,
について,,5. 日本語表現文型辞典,,について,
につき,,5. 日本語表現文型辞典,,につき,
につけて,,5. 日本語表現文型辞典,,につけて,
につれて,,5. 日本語表現文型辞典,,につれて,
にとって,,5. 日本語表現文型辞典,,にとって,
にとどまらず,,5. 日本語表現文型辞典,,にとどまらず,
にともなって,,5. 日本語表現文型辞典,,にともなって,
になる,,5. 日本語表現文型辞典,,になる,
になる,,5. 日本語表現文型辞典,,になる,
に（は）あたらない,,5. 日本語表現文型辞典,,に（は）あたらない,
にはかかわりなく,,5. 日本語表現文型辞典,,にはかかわりなく,
にはんして,,5. 日本語表現文型辞典,,にはんして,
にはんする,,5. 日本語表現文型辞典,,にはんする,
にひきかえ,,5. 日本語表現文型辞典,,にひきかえ,
にほかならない,,5. 日本語表現文型辞典,,にほかならない,
にもかかわらず,,5. 日本語表現文型辞典,,にもかかわらず,
にもとづいた,,5. 日本語表現文型辞典,,にもとづいた,
にもとづいて,,5. 日本語表現文型辞典,,にもとづいて,
にもとづく,,5. 日本語表現文型辞典,,にもとづく,
にもまして,,5. 日本語表現文型辞典,,にもまして,
によって〈原因・理由〉,原=げん | 因=いん | 理=り | 由=ゆう,5. 日本語表現文型辞典,,によって〈原因・理由〉,
によって〈手段・方法〉,手=しゅ | 段=だん | 方=ほう | 法=ほう,5. 日本語表現文型辞典,,によって〈手段・方法〉,
によって〈受け身の動作主〉,受=う | 身=み | 動=どう | 作=さ | 主=しゅ,5. 日本語表現文型辞典,,によって〈受け身の動作主〉,
によって〈対応〉,対=たい | 応=おう,5. 日本語表現文型辞典,,によって〈対応〉,
によっては,,5. 日本語表現文型辞典,,によっては,
により,,5. 日本語表現文型辞典,,により,
による,,5. 日本語表現文型辞典,,による,
によると,,5. 日本語表現文型辞典,,によると,
によれば,,5. 日本語表現文型辞典,,によれば,
にわたった,,5. 日本語表現文型辞典,,にわたった,
にわたって,,5. 日本語表現文型辞典,,にわたって,
にわたり,,5. 日本語表現文型辞典,,にわたり,
にわたる,,5. 日本語表現文型辞典,,にわたる,
ぬきで,,5. 日本語表現文型辞典,,ぬきで,
ぬきに,,5. 日本語表現文型辞典,,ぬきに,
ぬきにしては,,5. 日本語表現文型辞典,,ぬきにしては,
ぬきの,,5. 日本語表現文型辞典,,ぬきの,
ぬく,,5. 日本語表現文型辞典,,ぬく,
のいたり,,5. 日本語表現文型辞典,,のいたり,
のうえで,,5. 日本語表現文型辞典,,のうえで,
のきわみ,,5. 日本語表現文型辞典,,のきわみ,
のことだ,,5. 日本語表現文型辞典,,のことだ,
のことだから,,5. 日本語表現文型辞典,,のことだから,
のだ〈説明〉,説=せつ | 明=めい,5. 日本語表現文型辞典,,のだ〈説明〉,
のだ〈言い換え〉,言=い | 換=か,5. 日本語表現文型辞典,,のだ〈言い換え〉,
のだ〈主張〉,主=しゅ | 張=ちょう,5. 日本語表現文型辞典,,のだ〈主張〉,
のだ〈納得〉,納=なっ | 得=とく,5. 日本語表現文型辞典,,のだ〈納得〉,
のだから,,5. 日本語表現文型辞典,,のだから,
のだった〈感慨〉,感=かん | 慨=がい,5. 日本語表現文型辞典,,のだった〈感慨〉,
のだった〈後悔〉,後=こう | 悔=かい,5. 日本語表現文型辞典,,のだった〈後悔〉,
のだろう,,5. 日本語表現文型辞典,,のだろう,
ので,,5. 日本語表現文型辞典,,ので,
のですか,,5. 日本語表現文型辞典,,のですか,
のですが,,5. 日本語表現文型辞典,,のですが,
のではありません,,5. 日本語表現文型辞典,,のではありません,
のに〈逆接　不満・予想外〉,逆=ぎゃく | 接=せつ | 不=ふ | 満=まん | 予=よ | 想=そう | 外=がい,5. 日本語表現文型辞典,,のに〈逆接　不満・予想外〉,
のに〈対比〉,対=たい | 比=ひ,5. 日本語表現文型辞典,,のに〈対比〉,
のに〈用途〉,用=よう | 途=と,5. 日本語表現文型辞典,,のに〈用途〉,
のに,,5. 日本語表現文型辞典,,のに,
のは～だ,,5. 日本語表現文型辞典,,のは～だ,
のほう,,5. 日本語表現文型辞典,,のほう,
のみ,,5. 日本語表現文型辞典,,のみ,
のみならず,,5. 日本語表現文型辞典,,のみならず,
のもとで,,5. 日本語表現文型辞典,,のもとで,
のもとに,,5. 日本語表現文型辞典,,のもとに,
ば〈条件〉,条=じょう | 件=けん,5. 日本語表現文型辞典,,ば〈条件〉,
ば～（のに）〈反実仮想〉,反=はん | 実=じつ | 仮=か | 想=そう,5. 日本語表現文型辞典,,ば～（のに）〈反実仮想〉,
ばいい〈勧め〉,勧=すす,5. 日本語表現文型辞典,,ばいい〈勧め〉,
ばいい〈希望〉,希=き | 望=ぼう,5. 日本語表現文型辞典,,ばいい〈希望〉,
ばいいですか,,5. 日本語表現文型辞典,,ばいいですか,
はいざしらず,,5. 日本語表現文型辞典,,はいざしらず,
はおろか,,5. 日本語表現文型辞典,,はおろか,
は～が～,,5. 日本語表現文型辞典,,は～が～,
は～が、～は,,5. 日本語表現文型辞典,,は～が、～は,
ばかりか,,5. 日本語表現文型辞典,,ばかりか,
ばかりだ,,5. 日本語表現文型辞典,,ばかりだ,
ばかりでなく,,5. 日本語表現文型辞典,,ばかりでなく,
ばかりに,,5. 日本語表現文型辞典,,ばかりに,
ばこそ,,5. 日本語表現文型辞典,,ばこそ,
はさておき,,5. 日本語表現文型辞典,,はさておき,
はじめ,,5. 日本語表現文型辞典,,はじめ,
はじめとして,,5. 日本語表現文型辞典,,はじめとして,
はじめとする,,5. 日本語表現文型辞典,,はじめとする,
はじめる,,5. 日本語表現文型辞典,,はじめる,
はずがない,,5. 日本語表現文型辞典,,はずがない,
はずだ〈必然的帰結〉,必=ひつ | 然=ぜん | 的=てき | 帰=き | 結=けつ,5. 日本語表現文型辞典,,はずだ〈必然的帰結〉,
はずだ〈当然〉,当=とう | 然=ぜん,5. 日本語表現文型辞典,,はずだ〈当然〉,
はずはない,,5. 日本語表現文型辞典,,はずはない,
ばそれまでだ,,5. 日本語表現文型辞典,,ばそれまでだ,
ば～だろうに,,5. 日本語表現文型辞典,,ば～だろうに,
はというと,,5. 日本語表現文型辞典,,はというと,
はともかく（として）,,5. 日本語表現文型辞典,,はともかく（として）,
はとわず,,5. 日本語表現文型辞典,,はとわず,
はべつとして,,5. 日本語表現文型辞典,,はべつとして,
ば～ほど,,5. 日本語表現文型辞典,,ば～ほど,
はもちろん,,5. 日本語表現文型辞典,,はもちろん,
はもとより,,5. 日本語表現文型辞典,,はもとより,
は～より,,5. 日本語表現文型辞典,,は～より,
はんした,,5. 日本語表現文型辞典,,はんした,
はんして,,5. 日本語表現文型辞典,,はんして,
はんする,,5. 日本語表現文型辞典,,はんする,
はんめん,,5. 日本語表現文型辞典,,はんめん,
ひきかえ,,5. 日本語表現文型辞典,,ひきかえ,
ひとり～のみならず,,5. 日本語表現文型辞典,,ひとり～のみならず,
ふまえて,,5. 日本語表現文型辞典,,ふまえて,
べからざる,,5. 日本語表現文型辞典,,べからざる,
べからず,,5. 日本語表現文型辞典,,べからず,
べきだ,,5. 日本語表現文型辞典,,べきだ,
べきではない,,5. 日本語表現文型辞典,,べきではない,
べく,,5. 日本語表現文型辞典,,べく,
べつとして,,5. 日本語表現文型辞典,,べつとして,
ほう,,5. 日本語表現文型辞典,,ほう,
ほうがいい,,5. 日本語表現文型辞典,,ほうがいい,
ほかしかたがない,,5. 日本語表現文型辞典,,ほかしかたがない,
ほかない,,5. 日本語表現文型辞典,,ほかない,
ほかならない,,5. 日本語表現文型辞典,,ほかならない,
ほど〈程度〉,程=てい | 度=ど,5. 日本語表現文型辞典,,ほど〈程度〉,
ほど〈相関関係〉,相=そう | 関=かん | 関=かん | 係=けい,5. 日本語表現文型辞典,,ほど〈相関関係〉,
ほどだ,,5. 日本語表現文型辞典,,ほどだ,
ほど～ない,,5. 日本語表現文型辞典,,ほど～ない,
ほど～はない,,5. 日本語表現文型辞典,,ほど～はない,
はやいか,,5. 日本語表現文型辞典,,はやいか,
まい〈否定の意志〉,否=ひ | 定=てい | 意=い | 志=し,5. 日本語表現文型辞典,,まい〈否定の意志〉,
まい〈否定の推量〉,否=ひ | 定=てい | 推=すい | 量=りょう,5. 日本語表現文型辞典,,まい〈否定の推量〉,
まいか,,5. 日本語表現文型辞典,,まいか,
まいか,,5. 日本語表現文型辞典,,まいか,
まいが,,5. 日本語表現文型辞典,,まいが,
まいと,,5. 日本語表現文型辞典,,まいと,
まえに,,5. 日本語表現文型辞典,,まえに,
まし,,5. 日本語表現文型辞典,,まし,
まじき,,5. 日本語表現文型辞典,,まじき,
まして,,5. 日本語表現文型辞典,,まして,
ましょう,,5. 日本語表現文型辞典,,ましょう,
ましょうか〈申し出〉,申=もう | 出=で,5. 日本語表現文型辞典,,ましょうか〈申し出〉,
ましょうか〈誘い〉,誘=さそ,5. 日本語表現文型辞典,,ましょうか〈誘い〉,
ませんか〈勧め〉,勧=すす,5. 日本語表現文型辞典,,ませんか〈勧め〉,
ませんか〈誘い〉,誘=さそ,5. 日本語表現文型辞典,,ませんか〈誘い〉,
まで,,5. 日本語表現文型辞典,,まで,
までして,,5. 日本語表現文型辞典,,までして,
までだ〈軽い気持ち〉,軽=かる | 気=き | 持=も,5. 日本語表現文型辞典,,までだ〈軽い気持ち〉,
までだ〈覚悟〉,覚=かく | 悟=ご,5. 日本語表現文型辞典,,までだ〈覚悟〉,
までのことだ,,5. 日本語表現文型辞典,,までのことだ,
までのこともない,,5. 日本語表現文型辞典,,までのこともない,
までも,,5. 日本語表現文型辞典,,までも,
までもない,,5. 日本語表現文型辞典,,までもない,
まま,,5. 日本語表現文型辞典,,まま,
まみれ,,5. 日本語表現文型辞典,,まみれ,
みえて,,5. 日本語表現文型辞典,,みえて,
みたいだ〈推量〉,推=すい | 量=りょう,5. 日本語表現文型辞典,,みたいだ〈推量〉,
みたいだ〈比況〉,比=ひ | 況=きょう,5. 日本語表現文型辞典,,みたいだ〈比況〉,
むきだ,,5. 日本語表現文型辞典,,むきだ,
むきに,,5. 日本語表現文型辞典,,むきに,
むけだ,,5. 日本語表現文型辞典,,むけだ,
むけに,,5. 日本語表現文型辞典,,むけに,
めいた,,5. 日本語表現文型辞典,,めいた,
めく,,5. 日本語表現文型辞典,,めく,
めぐって,,5. 日本語表現文型辞典,,めぐって,
めぐる,,5. 日本語表現文型辞典,,めぐる,
もかまわず,,5. 日本語表現文型辞典,,もかまわず,
もさることながら,,5. 日本語表現文型辞典,,もさることながら,
もしない,,5. 日本語表現文型辞典,,もしない,
も～し、～も,,5. 日本語表現文型辞典,,も～し、～も,
もちろん,,5. 日本語表現文型辞典,,もちろん,
もって,,5. 日本語表現文型辞典,,もって,
もとづいた,,5. 日本語表現文型辞典,,もとづいた,
もとづいて,,5. 日本語表現文型辞典,,もとづいて,
もとづく,,5. 日本語表現文型辞典,,もとづく,
もとで,,5. 日本語表現文型辞典,,もとで,
もとに,,5. 日本語表現文型辞典,,もとに,
もとに,,5. 日本語表現文型辞典,,もとに,
もとにした,,5. 日本語表現文型辞典,,もとにした,
もとにして,,5. 日本語表現文型辞典,,もとにして,
もとより,,5. 日本語表現文型辞典,,もとより,
も～なら、～も,,5. 日本語表現文型辞典,,も～なら、～も,
もの,,5. 日本語表現文型辞典,,もの,
ものか,,5. 日本語表現文型辞典,,ものか,
ものか,,5. 日本語表現文型辞典,,ものか,
ものがある,,5. 日本語表現文型辞典,,ものがある,
ものだ〈回想〉,回=かい | 想=そう,5. 日本語表現文型辞典,,ものだ〈回想〉,
ものだ〈感慨〉,感=かん | 慨=がい,5. 日本語表現文型辞典,,ものだ〈感慨〉,
ものだ〈忠告〉,忠=ちゅう | 告=こく,5. 日本語表現文型辞典,,ものだ〈忠告〉,
ものだから,,5. 日本語表現文型辞典,,ものだから,
もので,,5. 日本語表現文型辞典,,もので,
ものではない,,5. 日本語表現文型辞典,,ものではない,
ものでもない,,5. 日本語表現文型辞典,,ものでもない,
ものともせず（に）,,5. 日本語表現文型辞典,,ものともせず（に）,
ものなら,,5. 日本語表現文型辞典,,ものなら,
ものなら,,5. 日本語表現文型辞典,,ものなら,
ものの,,5. 日本語表現文型辞典,,ものの,
ものを,,5. 日本語表現文型辞典,,ものを,
も～ば、～も,,5. 日本語表現文型辞典,,も～ば、～も,
もらう,,5. 日本語表現文型辞典,,もらう,
もん,,5. 日本語表現文型辞典,,もん,
もんか,,5. 日本語表現文型辞典,,もんか,
もんじゃない,,5. 日本語表現文型辞典,,もんじゃない,
もんだ,,5. 日本語表現文型辞典,,もんだ,
もんだから,,5. 日本語表現文型辞典,,もんだから,
もんで,,5. 日本語表現文型辞典,,もんで,
もんでもない,,5. 日本語表現文型辞典,,もんでもない,
や,,5. 日本語表現文型辞典,,や,
やいなや,,5. 日本語表現文型辞典,,やいなや,
やすい,,5. 日本語表現文型辞典,,やすい,
やら,,5. 日本語表現文型辞典,,やら,
やら～やら,,5. 日本語表現文型辞典,,やら～やら,
やる,,5. 日本語表現文型辞典,,やる,
ゆえ（に）,,5. 日本語表現文型辞典,,ゆえ（に）,
よう,,5. 日本語表現文型辞典,,よう,
よう〈意志〉,意=い | 志=し,5. 日本語表現文型辞典,,よう〈意志〉,
ようか,,5. 日本語表現文型辞典,,ようか,
ようが,,5. 日本語表現文型辞典,,ようが,
ようがない,,5. 日本語表現文型辞典,,ようがない,
ようか～まいか,,5. 日本語表現文型辞典,,ようか～まいか,
ようが～まいが,,5. 日本語表現文型辞典,,ようが～まいが,
ようだ〈比況〉,比=ひ | 況=きょう,5. 日本語表現文型辞典,,ようだ〈比況〉,
ようだ〈推量〉,推=すい | 量=りょう,5. 日本語表現文型辞典,,ようだ〈推量〉,
ようだ〈婉曲〉,婉=えん | 曲=きょく,5. 日本語表現文型辞典,,ようだ〈婉曲〉,
ようではないか,,5. 日本語表現文型辞典,,ようではないか,
ようと（も）,,5. 日本語表現文型辞典,,ようと（も）,
ようとおもう,,5. 日本語表現文型辞典,,ようとおもう,
ようとしている,,5. 日本語表現文型辞典,,ようとしている,
ようとしない,,5. 日本語表現文型辞典,,ようとしない,
ようとする,,5. 日本語表現文型辞典,,ようとする,
ようと～まいと,,5. 日本語表現文型辞典,,ようと～まいと,
ような,,5. 日本語表現文型辞典,,ような,
ような,,5. 日本語表現文型辞典,,ような,
ように〈期待〉,期=き | 待=たい,5. 日本語表現文型辞典,,ように〈期待〉,
ように〈同様〉,同=どう | 様=よう,5. 日本語表現文型辞典,,ように〈同様〉,
ように（と言う）〈間接話法〉,言=い | 間=かん | 接=せつ | 話=わ | 法=ほう,5. 日本語表現文型辞典,,ように（と言う）〈間接話法〉,
ように,,5. 日本語表現文型辞典,,ように,
ようにして,,5. 日本語表現文型辞典,,ようにして,
ようにする,,5. 日本語表現文型辞典,,ようにする,
ようになる,,5. 日本語表現文型辞典,,ようになる,
ようにも～ない,,5. 日本語表現文型辞典,,ようにも～ない,
ようもない,,5. 日本語表現文型辞典,,ようもない,
ようものなら,,5. 日本語表現文型辞典,,ようものなら,
よぎなくさせる,,5. 日本語表現文型辞典,,よぎなくさせる,
よぎなくされる,,5. 日本語表現文型辞典,,よぎなくされる,
よし,,5. 日本語表現文型辞典,,よし,
よそに,,5. 日本語表現文型辞典,,よそに,
よって,,5. 日本語表現文型辞典,,よって,
より,,5. 日本語表現文型辞典,,より,
より,,5. 日本語表現文型辞典,,より,
より～のほう,,5. 日本語表現文型辞典,,より～のほう,
よりほかしかたがない,,5. 日本語表現文型辞典,,よりほかしかたがない,
よりほかない,,5. 日本語表現文型辞典,,よりほかない,
よる,,5. 日本語表現文型辞典,,よる,
よると,,5. 日本語表現文型辞典,,よると,
よれば,,5. 日本語表現文型辞典,,よれば,
らしい〈推量〉,推=すい | 量=りょう,5. 日本語表現文型辞典,,らしい〈推量〉,
らしい〈典型〉,典=てん | 型=けい,5. 日本語表現文型辞典,,らしい〈典型〉,
られる〈可能〉,可=か | 能=のう,5. 日本語表現文型辞典,,られる〈可能〉,
られる〈性能評価〉,性=せい | 能=のう | 評=ひょう | 価=か,5. 日本語表現文型辞典,,られる〈性能評価〉,
られる〈受け身〉,受=う | 身=み,5. 日本語表現文型辞典,,られる〈受け身〉,
られる〈非情の受け身〉,非=ひ | 情=じょう | 受=う | 身=み,5. 日本語表現文型辞典,,られる〈非情の受け身〉,
られる〈持ち主の受け身〉,持=も | 主=ぬし | 受=う | 身=み,5. 日本語表現文型辞典,,られる〈持ち主の受け身〉,
られる〈被害の受け身〉,被=ひ | 害=がい | 受=う | 身=み,5. 日本語表現文型辞典,,られる〈被害の受け身〉,
られる〈尊敬〉,尊=そん | 敬=けい,5. 日本語表現文型辞典,,られる〈尊敬〉,
られる〈自発〉,自=じ | 発=はつ,5. 日本語表現文型辞典,,られる〈自発〉,
わけがない,,5. 日本語表現文型辞典,,わけがない,
わけだ,,5. 日本語表現文型辞典,,わけだ,
わけではない,,5. 日本語表現文型辞典,,わけではない,
わけにはいかない,,5. 日本語表現文型辞典,,わけにはいかない,
わけはない,,5. 日本語表現文型辞典,,わけはない,
わたった,,5. 日本語表現文型辞典,,わたった,
わたって,,5. 日本語表現文型辞典,,わたって,
わたり,,5. 日本語表現文型辞典,,わたり,
わたる,,5. 日本語表現文型辞典,,わたる,
わりに（は）,,5. 日本語表現文型辞典,,わりに（は）,
をおいて,,5. 日本語表現文型辞典,,をおいて,
をかぎりに,,5. 日本語表現文型辞典,,をかぎりに,
をかわきりに（して）,,5. 日本語表現文型辞典,,をかわきりに（して）,
をきっかけに（して）,,5. 日本語表現文型辞典,,をきっかけに（して）,
をきんじえない,,5. 日本語表現文型辞典,,をきんじえない,
をください,,5. 日本語表現文型辞典,,をください,
をくださいませんか,,5. 日本語表現文型辞典,,をくださいませんか,
をけいきに（して）,,5. 日本語表現文型辞典,,をけいきに（して）,
をこめて,,5. 日本語表現文型辞典,,をこめて,
をしている,,5. 日本語表現文型辞典,,をしている,
をちゅうしんとして,,5. 日本語表現文型辞典,,をちゅうしんとして,
をちゅうしんとする,,5. 日本語表現文型辞典,,をちゅうしんとする,
をちゅうしんに,,5. 日本語表現文型辞典,,をちゅうしんに,
をちゅうしんにする,,5. 日本語表現文型辞典,,をちゅうしんにする,
をつうじて〈継続期間〉,継=けい | 続=ぞく | 期=き | 間=かん,5. 日本語表現文型辞典,,をつうじて〈継続期間〉,
をつうじて〈手段・媒介〉,手=しゅ | 段=だん | 媒=ばい | 介=かい,5. 日本語表現文型辞典,,をつうじて〈手段・媒介〉,
をとおして〈継続期間〉,継=けい | 続=ぞく | 期=き | 間=かん,5. 日本語表現文型辞典,,をとおして〈継続期間〉,
をとおして〈手段･媒介〉,手=しゅ | 段=だん | 媒=ばい | 介=かい,5. 日本語表現文型辞典,,をとおして〈手段･媒介〉,
を～として,,5. 日本語表現文型辞典,,を～として,
を～とする,,5. 日本語表現文型辞典,,を～とする,
をとわず,,5. 日本語表現文型辞典,,をとわず,
を～にして,,5. 日本語表現文型辞典,,を～にして,
をぬきにして,,5. 日本語表現文型辞典,,をぬきにして,
をぬきにしては,,5. 日本語表現文型辞典,,をぬきにしては,
をはじめ,,5. 日本語表現文型辞典,,をはじめ,
をはじめとして,,5. 日本語表現文型辞典,,をはじめとして,
をはじめとする,,5. 日本語表現文型辞典,,をはじめとする,
をふまえて,,5. 日本語表現文型辞典,,をふまえて,
をめぐって,,5. 日本語表現文型辞典,,をめぐって,
をめぐる,,5. 日本語表現文型辞典,,をめぐる,
をもって〈手段〉,手=しゅ | 段=だん,5. 日本語表現文型辞典,,をもって〈手段〉,
をもって〈期限〉,期=き | 限=げん,5. 日本語表現文型辞典,,をもって〈期限〉,
をもとに（して）,,5. 日本語表現文型辞典,,をもとに（して）,
をもとにした,,5. 日本語表現文型辞典,,をもとにした,
をものともせず（に）,,5. 日本語表現文型辞典,,をものともせず（に）,
をよぎなくさせる,,5. 日本語表現文型辞典,,をよぎなくさせる,
をよぎなくされる,,5. 日本語表現文型辞典,,をよぎなくされる,
をよそに,,5. 日本語表現文型辞典,,をよそに,
んがため（に）,,5. 日本語表現文型辞典,,んがため（に）,
んじゃない,,5. 日本語表現文型辞典,,んじゃない,
んだ,,5. 日本語表現文型辞典,,んだ,
んだ,,5. 日本語表現文型辞典,,んだ,
んだった〈後悔〉,後=こう | 悔=かい,5. 日本語表現文型辞典,,んだった〈後悔〉,
んだって,,5. 日本語表現文型辞典,,んだって,
んだろう,,5. 日本語表現文型辞典,,んだろう,
んですか,,5. 日本語表現文型辞典,,んですか,
んですが,,5. 日本語表現文型辞典,,んですが,
んばかりだ,,5. 日本語表現文型辞典,,んばかりだ,
んばかりに,,5. 日本語表現文型辞典,,んばかりに,
